"dataset","object_type","cell_line","sampleid","tissueid","mod_tissueid","unique.tissueid.fromstudies","Cellosaurus.Disease.Type","cellosaurus.disease","Cellosaurus.Accession.id","cellosaurus.cvcl_id","cellosaurus.depmap_id","cellosaurus.category","cellosaurus.sex","cellosaurus.age","cellosaurus.metastatic_site","CellLine.Type","Metastatic","n_data_types","has_rnaseq","has_mrna","has_mutation","has_cnv","has_drug","link","CCLE.name","Cell.line.primary.name","Cell.line.aliases","Gender","Site.Primary","Histology","Hist.Subtype1","Notes","Source","Expression.arrays","SNP.arrays","Oncomap","Hybrid.Capture.Sequencing","CCLE_rnaseq.sampleid","PharmacoDB.id","cellosaurus.synonyms","cellosaurus.ncit_id","cellosaurus.cellosaurus.synonyms","cellosaurus.cellosaurus.cvcl_id","cellosaurus.cellosaurus.disease","cellosaurus.cellosaurus.ncit_id","cellosaurus.cellosaurus.category","cellosaurus.cellosaurus.depmap_id","cellosaurus.cellosaurus.sex","cellosaurus.cellosaurus.age","cellosaurus.cellosaurus.metastatic_site","master_ccl_id","ccl_name","ccl_availability","ccle_primary_site","ccle_primary_hist","ccle_hist_subtype_1","EMT","DoublingTime","SeedingDensity","isBlood","isBone","isBone.Marrow","isBrain","isBreast","isCervix","isColon","isConnective.Tissue","isEsophagus","isHead.and.Neck","isKidney","isLiver","isLung","isLymphoid","isMuscle","isOvary","isPancreas","isProstate","isSkin","isSmall.Intestine","isStomach","isUnclassified","isUninary","isUterus","DNADamageMutation","PI3K","MAPK","Sample.Name","GDSC..Tissue.descriptor.1","GDSC..Tissue..descriptor.2","Cancer.Type...matching.TCGA.label.","COSMIC.identifier","Whole.Exome.Sequencing..WES.","Copy.Number.Alterations..CNA.","Gene.Expression","Methylation","Drug..Response","Microsatellite...instability.Status..MSI.","Screen.Medium","Growth.Properties","has_rna","PRISM.sampleid","PRISM.tissueid","depmap_id","primary_tissue","secondary_tissue","tertiary_tissue","passed_str_profiling"
"CCLE_2015","MAE","143B","143B","Bone","Bone","bone","Osteosarcoma","Osteosarcoma","CVCL_2270","CVCL_2270","ACH-001001","Cancer cell line","Female","13Y",NA,"Cancer cell line",NA,4,FALSE,TRUE,TRUE,TRUE,TRUE,"http://www.broadinstitute.org/ccle/cell%20lines/143B_BONE","143B_BONE","143B",NA,"F","bone","osteosarcoma","NS","Identical lines: HTK-, HOS and 143B share high SNP identity and are very likely to be osteosarcoma","ATCC","MAKER_p_NCLE_RNA7_HG-U133_Plus_2_F09_454702","BOWER_p_NCLE_DNAAffy8_GenomeWideSNP_6_D02_464552","yes",NA,NA,"143B_3_2019","'143b','143 B','143B TK-','143B.TK-','143BTK-','143TK-','HOS-143B','HOS-143b','GM05887','GM05887A'","C9145","'143b','143 B','143B TK-','143B.TK-','143BTK-','143TK-','HOS-143B','HOS-143b','GM05887','GM05887A'","CVCL_2270","Osteosarcoma","C9145","Cancer cell line","ACH-001001","Female","13Y",NA,NA,NA,NA,NA,NA,NA,NA,NA,NA,NA,NA,NA,NA,NA,NA,NA,NA,NA,NA,NA,NA,NA,NA,NA,NA,NA,NA,NA,NA,NA,NA,NA,NA,NA,NA,NA,NA,NA,NA,NA,NA,NA,NA,NA,NA,NA,NA,NA,NA,NA,NA,NA,NA,NA,NA,NA,NA
"CCLE_2015","MAE","A-204","A-204","Soft Tissue","Soft Tissue","soft_tissue","Embryonal rhabdomyosarcoma","Embryonal rhabdomyosarcoma","CVCL_1058","CVCL_1058","ACH-000201","Cancer cell line","Female","1Y",NA,"Cancer cell line",NA,5,TRUE,TRUE,TRUE,TRUE,TRUE,"http://www.broadinstitute.org/ccle/cell%20lines/A204_SOFT_TISSUE","A204_SOFT_TISSUE","A-204",NA,"F","soft_tissue","rhabdoid_tumour","NS",NA,"ATCC","BRAKE_p_NCLE_RNA2_HG-U133_Plus_2_G04_241192","HONEY_p_NCLE_DNAAffy3_S_GenomeWideSNP_6_A03_293284","yes","yes","A-204","A204_37_2019","'A204'","C8971","'A204'","CVCL_1058","Embryonal rhabdomyosarcoma","C8971","Cancer cell line","ACH-000201","Female","1Y",NA,NA,NA,NA,NA,NA,NA,NA,NA,NA,NA,NA,NA,NA,NA,NA,NA,NA,NA,NA,NA,NA,NA,NA,NA,NA,NA,NA,NA,NA,NA,NA,NA,NA,NA,NA,NA,NA,NA,NA,NA,NA,NA,NA,NA,NA,NA,NA,NA,NA,NA,NA,NA,NA,NA,NA,NA,NA
"CCLE_2015","MAE","A-673","A-673","Bone","Bone","bone","Ewing sarcoma","Ewing sarcoma","CVCL_0080","CVCL_0080","ACH-000052","Cancer cell line","Female","15Y",NA,"Cancer cell line",NA,5,TRUE,TRUE,TRUE,TRUE,TRUE,"http://www.broadinstitute.org/ccle/cell%20lines/A673_BONE","A673_BONE","A-673",NA,"F","bone","Ewings_sarcoma-peripheral_primitive_neuroectodermal_tumour","NS",NA,"ATCC","CASED_p_NCLE_RNA4_HG-U133_Plus_2_B01_383784","FASTS_p_NCLE_DNAAffy4_S_GenomeWideSNP_6_D12_335282","yes","yes","A-673","A673_49_2019","'A673','RMS 1598','RMS1598'","C4817","'A673','RMS 1598','RMS1598'","CVCL_0080","Ewing sarcoma","C4817","Cancer cell line","ACH-000052","Female","15Y",NA,NA,NA,NA,NA,NA,NA,NA,NA,NA,NA,NA,NA,NA,NA,NA,NA,NA,NA,NA,NA,NA,NA,NA,NA,NA,NA,NA,NA,NA,NA,NA,NA,NA,NA,NA,NA,NA,NA,NA,NA,NA,NA,NA,NA,NA,NA,NA,NA,NA,NA,NA,NA,NA,NA,NA,NA,NA
"CCLE_2015","MAE","CADO-ES1","CADO-ES1","Bone","Bone","bone","Ewing sarcoma","Ewing sarcoma","CVCL_1103","CVCL_1103","ACH-000210","Cancer cell line","Female","19Y"," Pleural effusion ","Cancer cell line","TRUE",5,TRUE,TRUE,TRUE,TRUE,TRUE,"http://www.broadinstitute.org/ccle/cell%20lines/CADOES1_BONE","CADOES1_BONE","CADO-ES1",NA,"F","bone","Ewings_sarcoma-peripheral_primitive_neuroectodermal_tumour","NS",NA,"DSMZ","WATCH_p_NCLE_RNA8_HG-U133_Plus_2_D08_474656","CHARY_p_NCLE_DNAAffy9_GenomeWideSNP_6_E12_490484","yes","yes","CADO-ES1","CADOES1_162_2019","'CADO-ES-1','Cado-ES-1','CADO ES1','CADOES1','CADO-ES','Cado-ES','ESCADO1','Center for Adult Diseases Osaka-Ewing Sarcoma 1'","C4817","'CADO-ES-1','Cado-ES-1','CADO ES1','CADOES1','CADO-ES','Cado-ES','ESCADO1','Center for Adult Diseases Osaka-Ewing Sarcoma 1'","CVCL_1103","Ewing sarcoma","C4817","Cancer cell line","ACH-000210","Female","19Y"," Pleural effusion ",NA,NA,NA,NA,NA,NA,NA,NA,NA,NA,NA,NA,NA,NA,NA,NA,NA,NA,NA,NA,NA,NA,NA,NA,NA,NA,NA,NA,NA,NA,NA,NA,NA,NA,NA,NA,NA,NA,NA,NA,NA,NA,NA,NA,NA,NA,NA,NA,NA,NA,NA,NA,NA,NA,NA,NA,NA
"CCLE_2015","MAE","CAL-78","CAL-78","Bone","Bone","soft_tissue","Dedifferentiated chondrosarcoma","Dedifferentiated chondrosarcoma","CVCL_1809","CVCL_1809","ACH-000516","Cancer cell line","Male","76Y",NA,"Cancer cell line",NA,5,TRUE,TRUE,TRUE,TRUE,TRUE,"http://www.broadinstitute.org/ccle/cell%20lines/CAL78_BONE","CAL78_BONE","CAL-78",NA,"M","bone","chondrosarcoma","dedifferentiated",NA,"DSMZ","SILOS_p_NCLE_RNA9_HG-U133_Plus_2_H04_523550","CHARY_p_NCLE_DNAAffy9_GenomeWideSNP_6_G02_490488","yes","yes","CAL-78","CAL78_176_2019","'CAL 78','CAL78','Centre Antoine Lacassagne-78'","C6476","'CAL 78','CAL78','Centre Antoine Lacassagne-78'","CVCL_1809","Dedifferentiated chondrosarcoma","C6476","Cancer cell line","ACH-000516","Male","76Y",NA,NA,NA,NA,NA,NA,NA,NA,NA,NA,NA,NA,NA,NA,NA,NA,NA,NA,NA,NA,NA,NA,NA,NA,NA,NA,NA,NA,NA,NA,NA,NA,NA,NA,NA,NA,NA,NA,NA,NA,NA,NA,NA,NA,NA,NA,NA,NA,NA,NA,NA,NA,NA,NA,NA,NA,NA,NA
"CCLE_2015","MAE","ESS-1","ESS-1","Uterus","Soft Tissue","endometrium","Endometrioid stromal sarcoma","Endometrioid stromal sarcoma","CVCL_1205","CVCL_1205","ACH-000913","Cancer cell line","Female","76Y",NA,"Cancer cell line",NA,5,TRUE,TRUE,TRUE,TRUE,TRUE,"http://www.broadinstitute.org/ccle/cell%20lines/ESS1_ENDOMETRIUM","ESS1_ENDOMETRIUM","ESS-1",NA,"F","endometrium","carcinoma","carcinosarcoma-malignant_mesodermal_mixed_tumour",NA,"DSMZ","NIECE_p_NCLE_RNA3_HG-U133_Plus_2_C07_296050","HONEY_p_NCLE_DNAAffy3_S_GenomeWideSNP_6_B11_293324","yes","yes","ESS-1","ESS1_347_2019","'ESS1','Endometrial Stromal Sarcoma-1'","C8973","'ESS1','Endometrial Stromal Sarcoma-1'","CVCL_1205","Endometrioid stromal sarcoma","C8973","Cancer cell line","ACH-000913","Female","76Y",NA,NA,NA,NA,NA,NA,NA,NA,NA,NA,NA,NA,NA,NA,NA,NA,NA,NA,NA,NA,NA,NA,NA,NA,NA,NA,NA,NA,NA,NA,NA,NA,NA,NA,NA,NA,NA,NA,NA,NA,NA,NA,NA,NA,NA,NA,NA,NA,NA,NA,NA,NA,NA,NA,NA,NA,NA,NA
"CCLE_2015","MAE","EW-8","EW-8","Bone","Bone","bone","Ewing sarcoma","Ewing sarcoma","CVCL_V618","CVCL_V618","ACH-000499","Cancer cell line","Male","Age unspecified",NA,"Cancer cell line",NA,4,TRUE,TRUE,FALSE,TRUE,TRUE,"http://www.broadinstitute.org/ccle/cell%20lines/EW8_BONE","EW8_BONE","EW8",NA,NA,"bone","Ewings_sarcoma-peripheral_primitive_neuroectodermal_tumour","NS",NA,"Academic Lab / Achilles","RILLS_p_AchillesExp_Mar2011_1_HG-U133_Plus_2_D08_767918","EPHOR_p_NCLE_Achilles_DNAAffy15_GenomeWideSNP_6_G09_780282",NA,NA,NA,"EW8_361_2019","'EW8'","C4817","'EW8'","CVCL_V618","Ewing sarcoma","C4817","Cancer cell line","ACH-000499","Male","Age unspecified",NA,NA,NA,NA,NA,NA,NA,NA,NA,NA,NA,NA,NA,NA,NA,NA,NA,NA,NA,NA,NA,NA,NA,NA,NA,NA,NA,NA,NA,NA,NA,NA,NA,NA,NA,NA,NA,NA,NA,NA,NA,NA,NA,NA,NA,NA,NA,NA,NA,NA,NA,NA,NA,NA,NA,NA,NA,NA
"CCLE_2015","MAE","EWS-502","EWS-502","Bone","Bone","bone","Ewing sarcoma","Ewing sarcoma","CVCL_S740","CVCL_S740","ACH-000279","Cancer cell line","Sex unspecified","Age unspecified",NA,"Cancer cell line",NA,4,TRUE,TRUE,FALSE,TRUE,TRUE,"http://www.broadinstitute.org/ccle/cell%20lines/EWS502_BONE","EWS502_BONE","EWS502",NA,NA,"bone","Ewings_sarcoma-peripheral_primitive_neuroectodermal_tumour","NS",NA,"Academic Lab / Achilles","RILLS_p_AchillesExp_Mar2011_1_HG-U133_Plus_2_A10_767880","EPHOR_p_NCLE_Achilles_DNAAffy15_GenomeWideSNP_6_F01_780336",NA,NA,NA,"EWS502_362_2019","'EWS/502','EWS502'","C4817","'EWS/502','EWS502'","CVCL_S740","Ewing sarcoma","C4817","Cancer cell line","ACH-000279","Sex unspecified","Age unspecified",NA,NA,NA,NA,NA,NA,NA,NA,NA,NA,NA,NA,NA,NA,NA,NA,NA,NA,NA,NA,NA,NA,NA,NA,NA,NA,NA,NA,NA,NA,NA,NA,NA,NA,NA,NA,NA,NA,NA,NA,NA,NA,NA,NA,NA,NA,NA,NA,NA,NA,NA,NA,NA,NA,NA,NA,NA,NA
"CCLE_2015","MAE","G-292 clone A141B1","G-292 clone A141B1","Bone","Bone","bone","Osteosarcoma","Osteosarcoma","CVCL_2909","CVCL_2909","ACH-000082","Cancer cell line","Female","9Y",NA,"Cancer cell line",NA,4,TRUE,TRUE,FALSE,TRUE,TRUE,NA,NA,NA,NA,NA,NA,NA,NA,NA,NA,NA,NA,NA,NA,"G-292 clone A141B1","G292,cloneA141B1_372_2019","'G 292 Clone A 141B1','G-292, clone A141B1','G292CLONEA141B1','G-292','G292'","C9145","'G 292 Clone A 141B1','G-292, clone A141B1','G292CLONEA141B1','G-292','G292'","CVCL_2909","Osteosarcoma","C9145","Cancer cell line","ACH-000082","Female","9Y",NA,NA,NA,NA,NA,NA,NA,NA,NA,NA,NA,NA,NA,NA,NA,NA,NA,NA,NA,NA,NA,NA,NA,NA,NA,NA,NA,NA,NA,NA,NA,NA,NA,NA,NA,NA,NA,NA,NA,NA,NA,NA,NA,NA,NA,NA,NA,NA,NA,NA,NA,NA,NA,NA,NA,NA,NA,NA
"CCLE_2015","MAE","GCT","GCT","Soft Tissue","Soft Tissue","soft_tissue","Undifferentiated pleomorphic sarcoma","Undifferentiated pleomorphic sarcoma","CVCL_1229","CVCL_1229","ACH-000835","Cancer cell line","Male","29Y"," Pleural effusion ","Cancer cell line","TRUE",5,TRUE,TRUE,TRUE,TRUE,TRUE,"http://www.broadinstitute.org/ccle/cell%20lines/GCT_SOFT_TISSUE","GCT_SOFT_TISSUE","GCT",NA,"M","soft_tissue","malignant_fibrous_histiocytoma-pleomorphic_sarcoma","NS",NA,"ATCC","CASED_p_NCLE_RNA4_HG-U133_Plus_2_D05_383696","FASTS_p_NCLE_DNAAffy4_S_GenomeWideSNP_6_E12_335306","yes","yes","GCT","GCT_401_2019","'Giant Cell Tumor'","C4247","'Giant Cell Tumor'","CVCL_1229","Undifferentiated pleomorphic sarcoma","C4247","Cancer cell line","ACH-000835","Male","29Y"," Pleural effusion ",NA,NA,NA,NA,NA,NA,NA,NA,NA,NA,NA,NA,NA,NA,NA,NA,NA,NA,NA,NA,NA,NA,NA,NA,NA,NA,NA,NA,NA,NA,NA,NA,NA,NA,NA,NA,NA,NA,NA,NA,NA,NA,NA,NA,NA,NA,NA,NA,NA,NA,NA,NA,NA,NA,NA,NA,NA
"CCLE_2015","MAE","HOS","HOS","Bone","Bone","bone","Osteosarcoma","Osteosarcoma","CVCL_0312","CVCL_0312","ACH-000613","Cancer cell line","Female","13Y",NA,"Cancer cell line",NA,5,TRUE,TRUE,TRUE,TRUE,TRUE,"http://www.broadinstitute.org/ccle/cell%20lines/HOS_BONE","HOS_BONE","HOS",NA,"F","bone","osteosarcoma","NS","Identical lines: HTK-, HOS and 143B share high SNP identity and are very likely to be osteosarcoma","ATCC","AGENT_p_NCLE_RNA6_HG-U133_Plus_2_A08_436610","BOWER_p_NCLE_DNAAffy8_GenomeWideSNP_6_H09_464634","yes","yes","HOS","HOS_563_2019",NA,"C9145",NA,"CVCL_0312","Osteosarcoma","C9145","Cancer cell line","ACH-000613","Female","13Y",NA,NA,NA,NA,NA,NA,NA,NA,NA,NA,NA,NA,NA,NA,NA,NA,NA,NA,NA,NA,NA,NA,NA,NA,NA,NA,NA,NA,NA,NA,NA,NA,NA,NA,NA,NA,NA,NA,NA,NA,NA,NA,NA,NA,NA,NA,NA,NA,NA,NA,NA,NA,NA,NA,NA,NA,NA,NA
"CCLE_2015","MAE","Hs 729.T","Hs 729.T","Soft Tissue","Soft Tissue","soft_tissue","Embryonal rhabdomyosarcoma","Embryonal rhabdomyosarcoma","CVCL_0871","CVCL_0871","ACH-000133","Cancer cell line","Male","74Y",NA,"Cancer cell line",NA,4,TRUE,TRUE,FALSE,TRUE,TRUE,"http://www.broadinstitute.org/ccle/cell%20lines/HS729_SOFT_TISSUE","HS729_SOFT_TISSUE","Hs 729",NA,"M","soft_tissue","rhabdomyosarcoma","NS",NA,"ATCC","MAKER_p_NCLE_RNA7_HG-U133_Plus_2_G03_454706","BOWER_p_NCLE_DNAAffy8_GenomeWideSNP_6_F10_464668","yes","yes","Hs_729","Hs729_590_2019","'Hs 729','HS-729','Hs729','HS729','Hs-729-T','Hs 729T','Hs729T','HS729T'","C8971","'Hs 729','HS-729','Hs729','HS729','Hs-729-T','Hs 729T','Hs729T','HS729T'","CVCL_0871","Embryonal rhabdomyosarcoma","C8971","Cancer cell line","ACH-000133","Male","74Y",NA,NA,NA,NA,NA,NA,NA,NA,NA,NA,NA,NA,NA,NA,NA,NA,NA,NA,NA,NA,NA,NA,NA,NA,NA,NA,NA,NA,NA,NA,NA,NA,NA,NA,NA,NA,NA,NA,NA,NA,NA,NA,NA,NA,NA,NA,NA,NA,NA,NA,NA,NA,NA,NA,NA,NA,NA,NA
"CCLE_2015","MAE","Hs 819.T","Hs 819.T","Bone","Bone","bone","Chondrosarcoma","Chondrosarcoma","CVCL_0928","CVCL_0928","ACH-000224","Cancer cell line","Male","60Y",NA,"Cancer cell line",NA,5,TRUE,TRUE,TRUE,TRUE,TRUE,"http://www.broadinstitute.org/ccle/cell%20lines/HS819T_BONE","HS819T_BONE","Hs 819.T",NA,"M","bone","chondrosarcoma","NS",NA,"ATCC","MAKER_p_NCLE_RNA7_HG-U133_Plus_2_C01_454612","MISTS_p_NCLE_DNAAffy11_GenomeWideSNP_6_H01_578274","yes","yes","Hs_819.T","Hs819.T_597_2019","'Hs-819-T','Hs819.T','Hs819T','HS819T'","C2946","'Hs-819-T','Hs819.T','Hs819T','HS819T'","CVCL_0928","Chondrosarcoma","C2946","Cancer cell line","ACH-000224","Male","60Y",NA,NA,NA,NA,NA,NA,NA,NA,NA,NA,NA,NA,NA,NA,NA,NA,NA,NA,NA,NA,NA,NA,NA,NA,NA,NA,NA,NA,NA,NA,NA,NA,NA,NA,NA,NA,NA,NA,NA,NA,NA,NA,NA,NA,NA,NA,NA,NA,NA,NA,NA,NA,NA,NA,NA,NA,NA,NA
"CCLE_2015","MAE","Hs 822.T","Hs 822.T","Bone","Bone","bone","Ewing sarcoma","Ewing sarcoma","CVCL_0933","CVCL_0933","ACH-000229","Cancer cell line","Female","9Y",NA,"Cancer cell line",NA,5,TRUE,TRUE,TRUE,TRUE,TRUE,"http://www.broadinstitute.org/ccle/cell%20lines/HS822T_BONE","HS822T_BONE","Hs 822.T",NA,"F","bone","Ewings_sarcoma-peripheral_primitive_neuroectodermal_tumour","NS",NA,"ATCC","MAKER_p_NCLE_RNA7_HG-U133_Plus_2_E08_454666","MISTS_p_NCLE_DNAAffy11_GenomeWideSNP_6_A03_578306","yes","yes","Hs_822.T","Hs822.T_599_2019","'Hs-822-T','Hs822T','HS822T'","C4817","'Hs-822-T','Hs822T','HS822T'","CVCL_0933","Ewing sarcoma","C4817","Cancer cell line","ACH-000229","Female","9Y",NA,NA,NA,NA,NA,NA,NA,NA,NA,NA,NA,NA,NA,NA,NA,NA,NA,NA,NA,NA,NA,NA,NA,NA,NA,NA,NA,NA,NA,NA,NA,NA,NA,NA,NA,NA,NA,NA,NA,NA,NA,NA,NA,NA,NA,NA,NA,NA,NA,NA,NA,NA,NA,NA,NA,NA,NA,NA
"CCLE_2015","MAE","Hs 863.T","Hs 863.T","Bone","Bone","bone","Ewing sarcoma","Ewing sarcoma","CVCL_0959","CVCL_0959","ACH-000119","Cancer cell line","Female","5Y",NA,"Cancer cell line",NA,5,TRUE,TRUE,TRUE,TRUE,TRUE,"http://www.broadinstitute.org/ccle/cell%20lines/HS863T_BONE","HS863T_BONE","Hs 863.T",NA,"F","bone","Ewings_sarcoma-peripheral_primitive_neuroectodermal_tumour","NS",NA,"ATCC","WATCH_p_NCLE_RNA8_HG-U133_Plus_2_B08_474720","AWASH_p_NCLE_DNAAffy10_GenomeWideSNP_6_A04_542844","yes","yes","Hs_863.T","Hs863.T_604_2019","'Hs-863-T','Hs863T','HS863T'","C4817","'Hs-863-T','Hs863T','HS863T'","CVCL_0959","Ewing sarcoma","C4817","Cancer cell line","ACH-000119","Female","5Y",NA,NA,NA,NA,NA,NA,NA,NA,NA,NA,NA,NA,NA,NA,NA,NA,NA,NA,NA,NA,NA,NA,NA,NA,NA,NA,NA,NA,NA,NA,NA,NA,NA,NA,NA,NA,NA,NA,NA,NA,NA,NA,NA,NA,NA,NA,NA,NA,NA,NA,NA,NA,NA,NA,NA,NA,NA,NA
"CCLE_2015","MAE","Hs 870.T","Hs 870.T","Bone","Bone","bone","Osteosarcoma","Osteosarcoma","CVCL_0966","CVCL_0966","ACH-000340","Cancer cell line","Male","22Y",NA,"Cancer cell line",NA,5,TRUE,TRUE,TRUE,TRUE,TRUE,"http://www.broadinstitute.org/ccle/cell%20lines/HS870T_BONE","HS870T_BONE","Hs 870.T",NA,NA,"bone","osteosarcoma","NS",NA,"ATCC","AGENT_p_NCLE_RNA6_HG-U133_Plus_2_H07_436444","CHARY_p_NCLE_DNAAffy9_GenomeWideSNP_6_D02_490432","yes",NA,"Hs_870.T","Hs870.T_605_2019","'Hs-870-T','Hs870T','HS870T'","C9145","'Hs-870-T','Hs870T','HS870T'","CVCL_0966","Osteosarcoma","C9145","Cancer cell line","ACH-000340","Male","22Y",NA,NA,NA,NA,NA,NA,NA,NA,NA,NA,NA,NA,NA,NA,NA,NA,NA,NA,NA,NA,NA,NA,NA,NA,NA,NA,NA,NA,NA,NA,NA,NA,NA,NA,NA,NA,NA,NA,NA,NA,NA,NA,NA,NA,NA,NA,NA,NA,NA,NA,NA,NA,NA,NA,NA,NA,NA,NA
"CCLE_2015","MAE","Hs 888.T","Hs 888.T","Bone","Bone","bone","Osteosarcoma","Osteosarcoma","CVCL_0979","CVCL_0979","ACH-000154","Cancer cell line","Male","20Y"," Lung ","Cancer cell line",NA,5,TRUE,TRUE,TRUE,TRUE,TRUE,"http://www.broadinstitute.org/ccle/cell%20lines/HS888T_BONE","HS888T_BONE","Hs 888.T",NA,"M","bone","osteosarcoma","NS",NA,"ATCC","WATCH_p_NCLE_RNA8_HG-U133_Plus_2_D03_474638","AWASH_p_NCLE_DNAAffy10_GenomeWideSNP_6_H01_542876","yes","yes","Hs_888.T","Hs888.T_606_2019","'Hs-888-T','Hs888T','HS888T'","C9145","'Hs-888-T','Hs888T','HS888T'","CVCL_0979","Osteosarcoma","C9145","Cancer cell line","ACH-000154","Male","20Y"," Lung ",NA,NA,NA,NA,NA,NA,NA,NA,NA,NA,NA,NA,NA,NA,NA,NA,NA,NA,NA,NA,NA,NA,NA,NA,NA,NA,NA,NA,NA,NA,NA,NA,NA,NA,NA,NA,NA,NA,NA,NA,NA,NA,NA,NA,NA,NA,NA,NA,NA,NA,NA,NA,NA,NA,NA,NA,NA
"CCLE_2015","MAE","HT-1080","HT-1080","Soft Tissue","Soft Tissue","soft_tissue","Fibrosarcoma","Fibrosarcoma","CVCL_0317","CVCL_0317","ACH-000054","Cancer cell line","Male","35Y",NA,"Cancer cell line",NA,5,TRUE,TRUE,TRUE,TRUE,TRUE,"http://www.broadinstitute.org/ccle/cell%20lines/HT1080_SOFT_TISSUE","HT1080_SOFT_TISSUE","HT-1080",NA,"M","soft_tissue","fibrosarcoma","NS",NA,"ATCC","AGENT_p_NCLE_RNA6_HG-U133_Plus_2_D08_436576","LOBBY_p_NCLE_DNAAffy6_GenomeWideSNP_6_E05_437252","yes","yes","HT-1080","HT1080_625_2019","'Ht-1080','HT 1080','HT1080','HT 1080.T'","C3043","'Ht-1080','HT 1080','HT1080','HT 1080.T'","CVCL_0317","Fibrosarcoma","C3043","Cancer cell line","ACH-000054","Male","35Y",NA,NA,NA,NA,NA,NA,NA,NA,NA,NA,NA,NA,NA,NA,NA,NA,NA,NA,NA,NA,NA,NA,NA,NA,NA,NA,NA,NA,NA,NA,NA,NA,NA,NA,NA,NA,NA,NA,NA,NA,NA,NA,NA,NA,NA,NA,NA,NA,NA,NA,NA,NA,NA,NA,NA,NA,NA,NA
"CCLE_2015","MAE","HTK-","HTK-","Bone","Bone","haematopoietic_and_lymphoid_tissue","Osteosarcoma","Osteosarcoma","CVCL_2522","CVCL_2522","ACH-001094","Cancer cell line","Female","13Y",NA,"Cancer cell line",NA,4,FALSE,TRUE,TRUE,TRUE,TRUE,"http://www.broadinstitute.org/ccle/cell%20lines/HTK_HAEMATOPOIETIC_AND_LYMPHOID_TISSUE","HTK_HAEMATOPOIETIC_AND_LYMPHOID_TISSUE","HTK-",NA,"F","haematopoietic_and_lymphoid_tissue","lymphoid_neoplasm","plasma_cell_myeloma","Identical lines: HTK-, HOS and 143B share high SNP identity and are very likely to be osteosarcoma","ECACC","GAZER_p_NCLE_Expr_P13_HG-U133_Plus_2_C12_779702","MISTS_p_NCLE_DNAAffy11_GenomeWideSNP_6_B09_578378","yes","yes",NA,"HTK_634_2019",NA,"C9145",NA,"CVCL_2522","Osteosarcoma","C9145","Cancer cell line","ACH-001094","Female","13Y",NA,NA,NA,NA,NA,NA,NA,NA,NA,NA,NA,NA,NA,NA,NA,NA,NA,NA,NA,NA,NA,NA,NA,NA,NA,NA,NA,NA,NA,NA,NA,NA,NA,NA,NA,NA,NA,NA,NA,NA,NA,NA,NA,NA,NA,NA,NA,NA,NA,NA,NA,NA,NA,NA,NA,NA,NA,NA
"CCLE_2015","MAE","KYM-1","KYM-1","Soft Tissue","Soft Tissue","soft_tissue","Alveolar rhabdomyosarcoma","Embryonal rhabdomyosarcoma","CVCL_3007","CVCL_3007","ACH-000607","Cancer cell line","Male","9M",NA,"Cancer cell line",NA,5,TRUE,TRUE,TRUE,TRUE,TRUE,"http://www.broadinstitute.org/ccle/cell%20lines/KYM1_SOFT_TISSUE","KYM1_SOFT_TISSUE","KYM-1",NA,NA,"soft_tissue","rhabdomyosarcoma","NS",NA,"HSRRB","GILDS_p_NCLE_RNA11_Redo_HG-U133_Plus_2_E11_587582","SKATS_p_NCLE_DNAAffy13_GenomeWideSNP_6_C06_592854","yes","yes","KYM-1","KYM1_799_2019","'Kym-1','KYM1'","C8971","'Kym-1','KYM1'","CVCL_3007","Embryonal rhabdomyosarcoma","C8971","Cancer cell line","ACH-000607","Male","9M",NA,NA,NA,NA,NA,NA,NA,NA,NA,NA,NA,NA,NA,NA,NA,NA,NA,NA,NA,NA,NA,NA,NA,NA,NA,NA,NA,NA,NA,NA,NA,NA,NA,NA,NA,NA,NA,NA,NA,NA,NA,NA,NA,NA,NA,NA,NA,NA,NA,NA,NA,NA,NA,NA,NA,NA,NA,NA
"CCLE_2015","MAE","MES-SA","MES-SA","Uterus","Soft Tissue","endometrium","Uterine corpus sarcoma","Uterine corpus sarcoma","CVCL_1404","CVCL_1404","ACH-000449","Cancer cell line","Female","56Y",NA,"Cancer cell line",NA,5,TRUE,TRUE,TRUE,TRUE,TRUE,"http://www.broadinstitute.org/ccle/cell%20lines/MESSA_SOFT_TISSUE","MESSA_SOFT_TISSUE","MES-SA",NA,"F","soft_tissue","sarcoma","NS",NA,"ATCC","CASED_p_NCLE_RNA4_HG-U133_Plus_2_D02_383624","EPHOR_p_NCLE_Achilles_DNAAffy15_GenomeWideSNP_6_C06_780386","yes",NA,"MES-SA","MESSA_916_2019","'MESSA'","C6339","'MESSA'","CVCL_1404","Uterine corpus sarcoma","C6339","Cancer cell line","ACH-000449","Female","56Y",NA,NA,NA,NA,NA,NA,NA,NA,NA,NA,NA,NA,NA,NA,NA,NA,NA,NA,NA,NA,NA,NA,NA,NA,NA,NA,NA,NA,NA,NA,NA,NA,NA,NA,NA,NA,NA,NA,NA,NA,NA,NA,NA,NA,NA,NA,NA,NA,NA,NA,NA,NA,NA,NA,NA,NA,NA,NA
"CCLE_2015","MAE","MG-63","MG-63","Bone","Bone","bone","Osteosarcoma","Osteosarcoma","CVCL_0426","CVCL_0426","ACH-000359","Cancer cell line","Male","14Y"," Bone; left femur ","Cancer cell line",NA,5,TRUE,TRUE,TRUE,TRUE,TRUE,"http://www.broadinstitute.org/ccle/cell%20lines/MG63_BONE","MG63_BONE","MG-63",NA,"M","bone","osteosarcoma","NS",NA,"ATCC","MAKER_p_NCLE_RNA7_HG-U133_Plus_2_D05_454642","LOBBY_p_NCLE_DNAAffy6_GenomeWideSNP_6_E02_437246","yes","yes","MG-63","MG63_924_2019","'M-G63','MG63'","C9145","'M-G63','MG63'","CVCL_0426","Osteosarcoma","C9145","Cancer cell line","ACH-000359","Male","14Y"," Bone; left femur ",NA,NA,NA,NA,NA,NA,NA,NA,NA,NA,NA,NA,NA,NA,NA,NA,NA,NA,NA,NA,NA,NA,NA,NA,NA,NA,NA,NA,NA,NA,NA,NA,NA,NA,NA,NA,NA,NA,NA,NA,NA,NA,NA,NA,NA,NA,NA,NA,NA,NA,NA,NA,NA,NA,NA,NA,NA
"CCLE_2015","MAE","MHH-ES-1","MHH-ES-1","Bone","Bone","bone","Ewing sarcoma","Ewing sarcoma","CVCL_1411","CVCL_1411","ACH-000391","Cancer cell line","Male","12Y"," Ascites ","Cancer cell line","TRUE",5,TRUE,TRUE,TRUE,TRUE,TRUE,"http://www.broadinstitute.org/ccle/cell%20lines/MHHES1_BONE","MHHES1_BONE","MHH-ES-1",NA,"M","bone","Ewings_sarcoma-peripheral_primitive_neuroectodermal_tumour","NS",NA,"DSMZ","WATCH_p_NCLE_RNA8_HG-U133_Plus_2_C09_474764","CHARY_p_NCLE_DNAAffy9_GenomeWideSNP_6_D09_490422","yes","yes","MHH-ES-1","MHHES1_928_2019","'MHH-ES1','MHHES1'","C4817","'MHH-ES1','MHHES1'","CVCL_1411","Ewing sarcoma","C4817","Cancer cell line","ACH-000391","Male","12Y"," Ascites ",NA,NA,NA,NA,NA,NA,NA,NA,NA,NA,NA,NA,NA,NA,NA,NA,NA,NA,NA,NA,NA,NA,NA,NA,NA,NA,NA,NA,NA,NA,NA,NA,NA,NA,NA,NA,NA,NA,NA,NA,NA,NA,NA,NA,NA,NA,NA,NA,NA,NA,NA,NA,NA,NA,NA,NA,NA
"CCLE_2015","MAE","OUMS-27","OUMS-27","Bone","Bone","bone","Primary central chondrosarcoma","Primary central chondrosarcoma","CVCL_3090","CVCL_3090","ACH-001150","Cancer cell line","Male","65Y"," Bone; left proximal humerus ","Cancer cell line",NA,4,FALSE,TRUE,TRUE,TRUE,TRUE,"http://www.broadinstitute.org/ccle/cell%20lines/OUMS27_BONE","OUMS27_BONE","OUMS-27",NA,"M","bone","chondrosarcoma","NS",NA,"HSRRB","AGENT_p_NCLE_RNA6_HG-U133_Plus_2_C11_436516","SKATS_p_NCLE_DNAAffy13_GenomeWideSNP_6_A03_592908","yes","yes",NA,"OUMS27_1208_2019","'OUMS27','Okayama University Medical School-27'","C7155","'OUMS27','Okayama University Medical School-27'","CVCL_3090","Primary central chondrosarcoma","C7155","Cancer cell line","ACH-001150","Male","65Y"," Bone; left proximal humerus ",NA,NA,NA,NA,NA,NA,NA,NA,NA,NA,NA,NA,NA,NA,NA,NA,NA,NA,NA,NA,NA,NA,NA,NA,NA,NA,NA,NA,NA,NA,NA,NA,NA,NA,NA,NA,NA,NA,NA,NA,NA,NA,NA,NA,NA,NA,NA,NA,NA,NA,NA,NA,NA,NA,NA,NA,NA
"CCLE_2015","MAE","RD","RD","Soft Tissue","Soft Tissue","soft_tissue","Embryonal rhabdomyosarcoma","Embryonal rhabdomyosarcoma","CVCL_1649","CVCL_1649","ACH-000169","Cancer cell line","Female","7Y",NA,"Cancer cell line",NA,5,TRUE,TRUE,TRUE,TRUE,TRUE,"http://www.broadinstitute.org/ccle/cell%20lines/RD_SOFT_TISSUE","RD_SOFT_TISSUE","RD",NA,"F","soft_tissue","rhabdomyosarcoma","embryonal",NA,"ATCC","SILOS_p_NCLE_RNA9_HG-U133_Plus_2_B06_523544","AWASH_p_NCLE_DNAAffy10_GenomeWideSNP_6_D11_542974","yes","yes","RD","RD_1296_2019","'R D','RD-2','RD 2','130T','130-T','130 T','TE-32','TE 32','TE32','TE 32.T','Te 32.T'","C8971","'R D','RD-2','RD 2','130T','130-T','130 T','TE-32','TE 32','TE32','TE 32.T','Te 32.T'","CVCL_1649","Embryonal rhabdomyosarcoma","C8971","Cancer cell line","ACH-000169","Female","7Y",NA,NA,NA,NA,NA,NA,NA,NA,NA,NA,NA,NA,NA,NA,NA,NA,NA,NA,NA,NA,NA,NA,NA,NA,NA,NA,NA,NA,NA,NA,NA,NA,NA,NA,NA,NA,NA,NA,NA,NA,NA,NA,NA,NA,NA,NA,NA,NA,NA,NA,NA,NA,NA,NA,NA,NA,NA,NA
"CCLE_2015","MAE","RD-ES","RD-ES","Bone","Bone","bone","Ewing sarcoma","Ewing sarcoma","CVCL_2169","CVCL_2169","ACH-000041","Cancer cell line","Male","19Y",NA,"Cancer cell line",NA,5,TRUE,TRUE,TRUE,TRUE,TRUE,"http://www.broadinstitute.org/ccle/cell%20lines/RDES_BONE","RDES_BONE","RD-ES",NA,"M","bone","Ewings_sarcoma-peripheral_primitive_neuroectodermal_tumour","NS",NA,"ATCC","CASED_p_NCLE_RNA4_HG-U133_Plus_2_C12_383616","FASTS_p_NCLE_DNAAffy4_S_GenomeWideSNP_6_E09_335300","yes",NA,"RD-ES","RDES_1297_2019","'RDES','RDES-1'","C4817","'RDES','RDES-1'","CVCL_2169","Ewing sarcoma","C4817","Cancer cell line","ACH-000041","Male","19Y",NA,NA,NA,NA,NA,NA,NA,NA,NA,NA,NA,NA,NA,NA,NA,NA,NA,NA,NA,NA,NA,NA,NA,NA,NA,NA,NA,NA,NA,NA,NA,NA,NA,NA,NA,NA,NA,NA,NA,NA,NA,NA,NA,NA,NA,NA,NA,NA,NA,NA,NA,NA,NA,NA,NA,NA,NA,NA
"CCLE_2015","MAE","Rh18","Rh18","Soft Tissue","Soft Tissue","soft_tissue","Alveolar rhabdomyosarcoma","Alveolar rhabdomyosarcoma","CVCL_1659","CVCL_1659","ACH-000689","Cancer cell line","Female","2Y",NA,"Cancer cell line",NA,4,TRUE,TRUE,FALSE,TRUE,TRUE,"http://www.broadinstitute.org/ccle/cell%20lines/RH18_SOFT_TISSUE","RH18_SOFT_TISSUE","RH-18",NA,NA,"soft_tissue","rhabdomyosarcoma","alveolar",NA,"DSMZ","WATCH_p_NCLE_RNA8_HG-U133_Plus_2_H03_474762",NA,"yes",NA,"RH-18","RH18_1311_2019","'RH18','RH-18','Rh-18','Rh 18','SJRH-18','SJRH18'","C3749","'RH18','RH-18','Rh-18','Rh 18','SJRH-18','SJRH18'","CVCL_1659","Alveolar rhabdomyosarcoma","C3749","Cancer cell line","ACH-000689","Female","2Y",NA,NA,NA,NA,NA,NA,NA,NA,NA,NA,NA,NA,NA,NA,NA,NA,NA,NA,NA,NA,NA,NA,NA,NA,NA,NA,NA,NA,NA,NA,NA,NA,NA,NA,NA,NA,NA,NA,NA,NA,NA,NA,NA,NA,NA,NA,NA,NA,NA,NA,NA,NA,NA,NA,NA,NA,NA,NA
"CCLE_2015","MAE","Rh30","Rh30","Soft Tissue","Soft Tissue","soft_tissue","Alveolar rhabdomyosarcoma","Alveolar rhabdomyosarcoma","CVCL_0041","CVCL_0041","ACH-000833","Cancer cell line","Male","17Y"," Bone marrow ","Cancer cell line","TRUE",4,TRUE,TRUE,FALSE,TRUE,TRUE,NA,NA,NA,NA,NA,NA,NA,NA,NA,NA,NA,NA,NA,NA,"Rh30","RH30_1312_2019","'RH30','RH-30','Rh-30','RH30SJ','SJRH-30','SJRH30','SJ-RH30','SJ-Rh 30','SJRH 30','SJCRH30','RC13','RMS-13, RMS 13','RMS13'","C3749","'RH30','RH-30','Rh-30','RH30SJ','SJRH-30','SJRH30','SJ-RH30','SJ-Rh 30','SJRH 30','SJCRH30','RC13','RMS-13, RMS 13','RMS13'","CVCL_0041","Alveolar rhabdomyosarcoma","C3749","Cancer cell line","ACH-000833","Male","17Y"," Bone marrow ",NA,NA,NA,NA,NA,NA,NA,NA,NA,NA,NA,NA,NA,NA,NA,NA,NA,NA,NA,NA,NA,NA,NA,NA,NA,NA,NA,NA,NA,NA,NA,NA,NA,NA,NA,NA,NA,NA,NA,NA,NA,NA,NA,NA,NA,NA,NA,NA,NA,NA,NA,NA,NA,NA,NA,NA,NA
"CCLE_2015","MAE","Rh41","Rh41","Soft Tissue","Soft Tissue","soft_tissue","Alveolar rhabdomyosarcoma","Alveolar rhabdomyosarcoma","CVCL_2176","CVCL_2176","ACH-000100","Cancer cell line","Female","7Y",NA,"Cancer cell line",NA,4,TRUE,TRUE,FALSE,TRUE,TRUE,"http://www.broadinstitute.org/ccle/cell%20lines/RH41_SOFT_TISSUE","RH41_SOFT_TISSUE","RH-41",NA,"F","soft_tissue","rhabdomyosarcoma","alveolar",NA,"DSMZ","SILOS_p_NCLE_RNA9_HG-U133_Plus_2_E05_523510","VAULT_p_NCLE_DNAAffy14_GenomeWideSNP_6_F11_698574","yes","yes","RH-41","RH41_1313_2019","'RH41','RH-41','Rh-41','SJ-Rh41'","C3749","'RH41','RH-41','Rh-41','SJ-Rh41'","CVCL_2176","Alveolar rhabdomyosarcoma","C3749","Cancer cell line","ACH-000100","Female","7Y",NA,NA,NA,NA,NA,NA,NA,NA,NA,NA,NA,NA,NA,NA,NA,NA,NA,NA,NA,NA,NA,NA,NA,NA,NA,NA,NA,NA,NA,NA,NA,NA,NA,NA,NA,NA,NA,NA,NA,NA,NA,NA,NA,NA,NA,NA,NA,NA,NA,NA,NA,NA,NA,NA,NA,NA,NA,NA
"CCLE_2015","MAE","RKN","RKN","Soft Tissue","Soft Tissue","soft_tissue","Ovarian leiomyosarcoma","Ovarian leiomyosarcoma","CVCL_3156","CVCL_3156","ACH-000505","Cancer cell line","Female","45Y",NA,"Cancer cell line",NA,5,TRUE,TRUE,TRUE,TRUE,TRUE,"http://www.broadinstitute.org/ccle/cell%20lines/RKN_SOFT_TISSUE","RKN_SOFT_TISSUE","RKN",NA,"F","soft_tissue","leiomyosarcoma","NS",NA,"HSRRB","AGENT_p_NCLE_RNA6_HG-U133_Plus_2_C04_436542","PODIA_p_NCLE_DNAAffy7_GenomeWideSNP_6_G04_437426","yes","yes","RKN","RKN_1315_2019",NA,"C5234",NA,"CVCL_3156","Ovarian leiomyosarcoma","C5234","Cancer cell line","ACH-000505","Female","45Y",NA,NA,NA,NA,NA,NA,NA,NA,NA,NA,NA,NA,NA,NA,NA,NA,NA,NA,NA,NA,NA,NA,NA,NA,NA,NA,NA,NA,NA,NA,NA,NA,NA,NA,NA,NA,NA,NA,NA,NA,NA,NA,NA,NA,NA,NA,NA,NA,NA,NA,NA,NA,NA,NA,NA,NA,NA,NA
"CCLE_2015","MAE","SaOS-2","SaOS-2","Bone","Bone","bone","Osteosarcoma","Osteosarcoma","CVCL_0548","CVCL_0548","ACH-000410","Cancer cell line","Female","11Y",NA,"Cancer cell line",NA,4,TRUE,TRUE,FALSE,TRUE,TRUE,"http://www.broadinstitute.org/ccle/cell%20lines/SAOS2_BONE","SAOS2_BONE","Saos-2",NA,"F","bone","osteosarcoma","NS",NA,"ATCC","CASED_p_NCLE_RNA4_HG-U133_Plus_2_E08_383690",NA,"yes","yes","Saos-2","Saos2_1343_2019","'SAOS-2','Saos-2','SAOS 2','Saos 2','Saos2','SaOs2','SAOS2','Sarcoma OSteogenic-2','SaOS','SAOS'","C9145","'SAOS-2','Saos-2','SAOS 2','Saos 2','Saos2','SaOs2','SAOS2','Sarcoma OSteogenic-2','SaOS','SAOS'","CVCL_0548","Osteosarcoma","C9145","Cancer cell line","ACH-000410","Female","11Y",NA,NA,NA,NA,NA,NA,NA,NA,NA,NA,NA,NA,NA,NA,NA,NA,NA,NA,NA,NA,NA,NA,NA,NA,NA,NA,NA,NA,NA,NA,NA,NA,NA,NA,NA,NA,NA,NA,NA,NA,NA,NA,NA,NA,NA,NA,NA,NA,NA,NA,NA,NA,NA,NA,NA,NA,NA,NA
"CCLE_2015","MAE","SJSA-1","SJSA-1","Bone","Bone","bone","Osteosarcoma","Osteosarcoma","CVCL_1697","CVCL_1697","ACH-000748","Cancer cell line","Male","19Y",NA,"Cancer cell line",NA,5,TRUE,TRUE,TRUE,TRUE,TRUE,"http://www.broadinstitute.org/ccle/cell%20lines/SJSA1_BONE","SJSA1_BONE","SJSA-1",NA,"M","bone","osteosarcoma","NS",NA,"ATCC","BRAKE_p_NCLE_RNA2_HG-U133_Plus_2_C09_241106","ARLES_p_NCLE_DNAAffy2_S_GenomeWideSNP_6_F02_256124","yes","yes","SJSA-1","SJSA1_1382_2019","'SJSA1','SJSA','OsA-CL','OSA-CL','OsACL','OSACL','Os-A','OSA','OsA'","C9145","'SJSA1','SJSA','OsA-CL','OSA-CL','OsACL','OSACL','Os-A','OSA','OsA'","CVCL_1697","Osteosarcoma","C9145","Cancer cell line","ACH-000748","Male","19Y",NA,NA,NA,NA,NA,NA,NA,NA,NA,NA,NA,NA,NA,NA,NA,NA,NA,NA,NA,NA,NA,NA,NA,NA,NA,NA,NA,NA,NA,NA,NA,NA,NA,NA,NA,NA,NA,NA,NA,NA,NA,NA,NA,NA,NA,NA,NA,NA,NA,NA,NA,NA,NA,NA,NA,NA,NA,NA
"CCLE_2015","MAE","SK-ES-1","SK-ES-1","Bone","Bone","bone","Ewing sarcoma","Ewing sarcoma","CVCL_0627","CVCL_0627","ACH-000087","Cancer cell line","Male","18Y",NA,"Cancer cell line",NA,5,TRUE,TRUE,TRUE,TRUE,TRUE,"http://www.broadinstitute.org/ccle/cell%20lines/SKES1_BONE","SKES1_BONE","SK-ES-1",NA,"M","bone","Ewings_sarcoma-peripheral_primitive_neuroectodermal_tumour","NS",NA,"ATCC","CASED_p_NCLE_RNA4_HG-U133_Plus_2_H04_383762","FIEFS_p_NCLE_DNA_Affy5_GenomeWideSNP_6_G04_410952","yes","yes","SK-ES-1","SKES1_1387_2019","'Sk-Es-1','Sk-ES-1','SK ES 01','SK-ES1','SKES-1','SKES1','SK-ES'","C4817","'Sk-Es-1','Sk-ES-1','SK ES 01','SK-ES1','SKES-1','SKES1','SK-ES'","CVCL_0627","Ewing sarcoma","C4817","Cancer cell line","ACH-000087","Male","18Y",NA,NA,NA,NA,NA,NA,NA,NA,NA,NA,NA,NA,NA,NA,NA,NA,NA,NA,NA,NA,NA,NA,NA,NA,NA,NA,NA,NA,NA,NA,NA,NA,NA,NA,NA,NA,NA,NA,NA,NA,NA,NA,NA,NA,NA,NA,NA,NA,NA,NA,NA,NA,NA,NA,NA,NA,NA,NA
"CCLE_2015","MAE","SK-LMS-1","SK-LMS-1","Soft Tissue","Soft Tissue","soft_tissue","Vulvar leiomyosarcoma","Vulvar leiomyosarcoma","CVCL_0628","CVCL_0628","ACH-000145","Cancer cell line","Female","43Y",NA,"Cancer cell line",NA,5,TRUE,TRUE,TRUE,TRUE,TRUE,"http://www.broadinstitute.org/ccle/cell%20lines/SKLMS1_SOFT_TISSUE","SKLMS1_SOFT_TISSUE","SK-LMS-1",NA,"F","soft_tissue","sarcoma","NS",NA,"ATCC","MAKER_p_NCLE_RNA7_HG-U133_Plus_2_G08_454744","PODIA_p_NCLE_DNAAffy7_GenomeWideSNP_6_B06_437534","yes","yes","SK-LMS-1","SKLMS1_1391_2019","'SKLMS-1','SKLMS1'","C40318","'SKLMS-1','SKLMS1'","CVCL_0628","Vulvar leiomyosarcoma","C40318","Cancer cell line","ACH-000145","Female","43Y",NA,NA,NA,NA,NA,NA,NA,NA,NA,NA,NA,NA,NA,NA,NA,NA,NA,NA,NA,NA,NA,NA,NA,NA,NA,NA,NA,NA,NA,NA,NA,NA,NA,NA,NA,NA,NA,NA,NA,NA,NA,NA,NA,NA,NA,NA,NA,NA,NA,NA,NA,NA,NA,NA,NA,NA,NA,NA
"CCLE_2015","MAE","SK-NEP-1","SK-NEP-1","Bone","Bone","bone","Ewing sarcoma","Ewing sarcoma","CVCL_0631","CVCL_0631","ACH-001192","Cancer cell line","Female","25Y"," Pleural effusion ","Cancer cell line","TRUE",3,TRUE,FALSE,FALSE,TRUE,TRUE,NA,NA,NA,NA,NA,NA,NA,NA,NA,NA,NA,NA,NA,NA,"SK-NEP-1","SKNEP1_1410_2019","'SKNEP-1','SKNEP1','SKNEP'","C4817","'SKNEP-1','SKNEP1','SKNEP'","CVCL_0631","Ewing sarcoma","C4817","Cancer cell line","ACH-001192","Female","25Y"," Pleural effusion ",NA,NA,NA,NA,NA,NA,NA,NA,NA,NA,NA,NA,NA,NA,NA,NA,NA,NA,NA,NA,NA,NA,NA,NA,NA,NA,NA,NA,NA,NA,NA,NA,NA,NA,NA,NA,NA,NA,NA,NA,NA,NA,NA,NA,NA,NA,NA,NA,NA,NA,NA,NA,NA,NA,NA,NA,NA
"CCLE_2015","MAE","SK-UT-1","SK-UT-1","Uterus","Soft Tissue","soft_tissue","Uterine corpus leiomyosarcoma","Uterine corpus leiomyosarcoma","CVCL_0533","CVCL_0533","ACH-000939","Cancer cell line","Female","75Y",NA,"Cancer cell line",NA,5,TRUE,TRUE,TRUE,TRUE,TRUE,"http://www.broadinstitute.org/ccle/cell%20lines/SKUT1_SOFT_TISSUE","SKUT1_SOFT_TISSUE","SK-UT-1",NA,"F","soft_tissue","leiomyosarcoma","NS",NA,"ATCC","AGENT_p_NCLE_RNA6_HG-U133_Plus_2_G02_436512","PODIA_p_NCLE_DNAAffy7_GenomeWideSNP_6_B10_437558","yes","yes","SK-UT-1","SKUT1_1415_2019","'SK UT 1','SKUT-1','SKUT1','Skut1'","C6340","'SK UT 1','SKUT-1','SKUT1','Skut1'","CVCL_0533","Uterine corpus leiomyosarcoma","C6340","Cancer cell line","ACH-000939","Female","75Y",NA,NA,NA,NA,NA,NA,NA,NA,NA,NA,NA,NA,NA,NA,NA,NA,NA,NA,NA,NA,NA,NA,NA,NA,NA,NA,NA,NA,NA,NA,NA,NA,NA,NA,NA,NA,NA,NA,NA,NA,NA,NA,NA,NA,NA,NA,NA,NA,NA,NA,NA,NA,NA,NA,NA,NA,NA,NA
"CCLE_2015","MAE","SW1353","SW1353","Bone","Bone","bone","Primary central chondrosarcoma","Primary central chondrosarcoma","CVCL_0543","CVCL_0543","ACH-000418","Cancer cell line","Female","72Y",NA,"Cancer cell line",NA,4,TRUE,TRUE,FALSE,TRUE,TRUE,"http://www.broadinstitute.org/ccle/cell%20lines/SW1353_BONE","SW1353_BONE","SW 1353",NA,"F","bone","chondrosarcoma","NS",NA,"ATCC","MAKER_p_NCLE_RNA7_HG-U133_Plus_2_H11_454752","BOWER_p_NCLE_DNAAffy8_GenomeWideSNP_6_H05_464648","yes","yes","SW_1353","SW1353_1525_2019","'SW-1353','SW 1353'","C7155","'SW-1353','SW 1353'","CVCL_0543","Primary central chondrosarcoma","C7155","Cancer cell line","ACH-000418","Female","72Y",NA,NA,NA,NA,NA,NA,NA,NA,NA,NA,NA,NA,NA,NA,NA,NA,NA,NA,NA,NA,NA,NA,NA,NA,NA,NA,NA,NA,NA,NA,NA,NA,NA,NA,NA,NA,NA,NA,NA,NA,NA,NA,NA,NA,NA,NA,NA,NA,NA,NA,NA,NA,NA,NA,NA,NA,NA,NA
"CCLE_2015","MAE","T1-73","T1-73","Bone","Bone","bone","Osteosarcoma","Osteosarcoma","CVCL_3605","CVCL_3605","ACH-000529","Cancer cell line","Sex unspecified","Age unspecified",NA,"Cancer cell line",NA,5,TRUE,TRUE,TRUE,TRUE,TRUE,"http://www.broadinstitute.org/ccle/cell%20lines/T173_BONE","T173_BONE","T1-73",NA,NA,"bone","osteosarcoma","NS",NA,"ATCC","AGENT_p_NCLE_RNA6_HG-U133_Plus_2_H04_436446","PODIA_p_NCLE_DNAAffy7_GenomeWideSNP_6_E04_437408","yes","yes","T1-73","TI73_1594_2019","'TI-73','T173'","C9145","'TI-73','T173'","CVCL_3605","Osteosarcoma","C9145","Cancer cell line","ACH-000529","Sex unspecified","Age unspecified",NA,NA,NA,NA,NA,NA,NA,NA,NA,NA,NA,NA,NA,NA,NA,NA,NA,NA,NA,NA,NA,NA,NA,NA,NA,NA,NA,NA,NA,NA,NA,NA,NA,NA,NA,NA,NA,NA,NA,NA,NA,NA,NA,NA,NA,NA,NA,NA,NA,NA,NA,NA,NA,NA,NA,NA,NA,NA
"CCLE_2015","MAE","TC-71","TC-71","Bone","Bone","bone","Ewing sarcoma","Ewing sarcoma","CVCL_2213","CVCL_2213","ACH-000424","Cancer cell line","Male","22Y",NA,"Cancer cell line",NA,5,TRUE,TRUE,TRUE,TRUE,TRUE,"http://www.broadinstitute.org/ccle/cell%20lines/TC71_BONE","TC71_BONE","TC-71",NA,"M","bone","Ewings_sarcoma-peripheral_primitive_neuroectodermal_tumour","NS",NA,"DSMZ","AGENT_p_NCLE_RNA6_HG-U133_Plus_2_B02_436622","BOWER_p_NCLE_DNAAffy8_GenomeWideSNP_6_E08_464706","yes","yes","TC-71","TC71_1567_2019","'TC71','GM11654'","C4817","'TC71','GM11654'","CVCL_2213","Ewing sarcoma","C4817","Cancer cell line","ACH-000424","Male","22Y",NA,NA,NA,NA,NA,NA,NA,NA,NA,NA,NA,NA,NA,NA,NA,NA,NA,NA,NA,NA,NA,NA,NA,NA,NA,NA,NA,NA,NA,NA,NA,NA,NA,NA,NA,NA,NA,NA,NA,NA,NA,NA,NA,NA,NA,NA,NA,NA,NA,NA,NA,NA,NA,NA,NA,NA,NA,NA
"CCLE_2015","MAE","TE 125.T","TE 125.T","Soft Tissue","Soft Tissue","soft_tissue","Rhabdomyosarcoma","Rhabdomyosarcoma","CVCL_1740","CVCL_1740","ACH-000079","Cancer cell line","Female","1Y",NA,"Cancer cell line",NA,5,TRUE,TRUE,TRUE,TRUE,TRUE,"http://www.broadinstitute.org/ccle/cell%20lines/TE125T_SOFT_TISSUE","TE125T_SOFT_TISSUE","TE 125.T",NA,"F","soft_tissue","rhabdomyosarcoma","NS",NA,"ATCC","SILOS_p_NCLE_RNA9_HG-U133_Plus_2_B11_523524","EPHOR_p_NCLE_Achilles_DNAAffy15_GenomeWideSNP_6_A03_780384","yes","yes","TE_125.T","TE125.T_1571_2019","'TE-125-T','TE125T'","C3359","'TE-125-T','TE125T'","CVCL_1740","Rhabdomyosarcoma","C3359","Cancer cell line","ACH-000079","Female","1Y",NA,NA,NA,NA,NA,NA,NA,NA,NA,NA,NA,NA,NA,NA,NA,NA,NA,NA,NA,NA,NA,NA,NA,NA,NA,NA,NA,NA,NA,NA,NA,NA,NA,NA,NA,NA,NA,NA,NA,NA,NA,NA,NA,NA,NA,NA,NA,NA,NA,NA,NA,NA,NA,NA,NA,NA,NA,NA
"CCLE_2015","MAE","TE 159.T","TE 159.T","Soft Tissue","Soft Tissue","soft_tissue","Rhabdomyosarcoma","Rhabdomyosarcoma","CVCL_1743","CVCL_1743","ACH-000175","Cancer cell line","Male","6Y",NA,"Cancer cell line",NA,5,TRUE,TRUE,TRUE,TRUE,TRUE,"http://www.broadinstitute.org/ccle/cell%20lines/TE159T_SOFT_TISSUE","TE159T_SOFT_TISSUE","TE 159.T",NA,"M","soft_tissue","rhabdomyosarcoma","NS",NA,"ATCC","MAKER_p_NCLE_RNA7_HG-U133_Plus_2_F06_454696","EPHOR_p_NCLE_Achilles_DNAAffy15_GenomeWideSNP_6_G08_780374","yes","yes","TE_159.T","TE159.T_1572_2019","'TE-159-T','TE159T'","C3359","'TE-159-T','TE159T'","CVCL_1743","Rhabdomyosarcoma","C3359","Cancer cell line","ACH-000175","Male","6Y",NA,NA,NA,NA,NA,NA,NA,NA,NA,NA,NA,NA,NA,NA,NA,NA,NA,NA,NA,NA,NA,NA,NA,NA,NA,NA,NA,NA,NA,NA,NA,NA,NA,NA,NA,NA,NA,NA,NA,NA,NA,NA,NA,NA,NA,NA,NA,NA,NA,NA,NA,NA,NA,NA,NA,NA,NA,NA
"CCLE_2015","MAE","TE 441.T","TE 441.T","Soft Tissue","Soft Tissue","soft_tissue","Rhabdomyosarcoma","Rhabdomyosarcoma","CVCL_1754","CVCL_1754","ACH-000772","Cancer cell line","Female","14Y",NA,"Cancer cell line",NA,5,TRUE,TRUE,TRUE,TRUE,TRUE,"http://www.broadinstitute.org/ccle/cell%20lines/TE441T_SOFT_TISSUE","TE441T_SOFT_TISSUE","TE 441.T",NA,"F","soft_tissue","rhabdomyosarcoma","NS",NA,"ATCC","WATCH_p_NCLE_RNA8_HG-U133_Plus_2_B03_474710","AWASH_p_NCLE_DNAAffy10_GenomeWideSNP_6_A12_542804","yes","yes","TE_441.T","TE441.T_1573_2019","'TE-441-T','TE441T'","C3359","'TE-441-T','TE441T'","CVCL_1754","Rhabdomyosarcoma","C3359","Cancer cell line","ACH-000772","Female","14Y",NA,NA,NA,NA,NA,NA,NA,NA,NA,NA,NA,NA,NA,NA,NA,NA,NA,NA,NA,NA,NA,NA,NA,NA,NA,NA,NA,NA,NA,NA,NA,NA,NA,NA,NA,NA,NA,NA,NA,NA,NA,NA,NA,NA,NA,NA,NA,NA,NA,NA,NA,NA,NA,NA,NA,NA,NA,NA
"CCLE_2015","MAE","TE 617.T","TE 617.T","Soft Tissue","Soft Tissue","soft_tissue","Rhabdomyosarcoma","Rhabdomyosarcoma","CVCL_1755","CVCL_1755","ACH-000051","Cancer cell line","Female","1Y8M",NA,"Cancer cell line",NA,5,TRUE,TRUE,TRUE,TRUE,TRUE,"http://www.broadinstitute.org/ccle/cell%20lines/TE617T_SOFT_TISSUE","TE617T_SOFT_TISSUE","TE 617.T",NA,"F","soft_tissue","rhabdomyosarcoma","NS",NA,"ATCC","MAKER_p_NCLE_RNA7_HG-U133_Plus_2_D09_454656","PODIA_p_NCLE_DNAAffy7_GenomeWideSNP_6_E06_450456","yes","yes","TE_617.T","TE617.T_1574_2019","'TE-617-T','TE617T'","C3359","'TE-617-T','TE617T'","CVCL_1755","Rhabdomyosarcoma","C3359","Cancer cell line","ACH-000051","Female","1Y8M",NA,NA,NA,NA,NA,NA,NA,NA,NA,NA,NA,NA,NA,NA,NA,NA,NA,NA,NA,NA,NA,NA,NA,NA,NA,NA,NA,NA,NA,NA,NA,NA,NA,NA,NA,NA,NA,NA,NA,NA,NA,NA,NA,NA,NA,NA,NA,NA,NA,NA,NA,NA,NA,NA,NA,NA,NA,NA
"CCLE_2015","MAE","U2OS","U2OS","Bone","Bone","bone","Osteosarcoma","Osteosarcoma","CVCL_0042","CVCL_0042","ACH-000364","Cancer cell line","Female","15Y",NA,"Cancer cell line",NA,4,TRUE,TRUE,FALSE,TRUE,TRUE,"http://www.broadinstitute.org/ccle/cell%20lines/U2OS_BONE","U2OS_BONE","U-2 OS",NA,"F","bone","osteosarcoma","NS",NA,"ATCC","CASED_p_NCLE_RNA4_HG-U133_Plus_2_D10_383716","FASTS_p_NCLE_DNAAffy4_S_GenomeWideSNP_6_H10_335374","yes","yes","U-2_OS","U2OS_1619_2019","'U-2 OS','U-2OS','U-2-OS','U2-OS','U20-S','U20S','2T'","C9145","'U-2 OS','U-2OS','U-2-OS','U2-OS','U20-S','U20S','2T'","CVCL_0042","Osteosarcoma","C9145","Cancer cell line","ACH-000364","Female","15Y",NA,NA,NA,NA,NA,NA,NA,NA,NA,NA,NA,NA,NA,NA,NA,NA,NA,NA,NA,NA,NA,NA,NA,NA,NA,NA,NA,NA,NA,NA,NA,NA,NA,NA,NA,NA,NA,NA,NA,NA,NA,NA,NA,NA,NA,NA,NA,NA,NA,NA,NA,NA,NA,NA,NA,NA,NA,NA
"CTRPv2_2015","SE","A-204","A-204","Soft Tissue","Soft Tissue","soft_tissue","Embryonal rhabdomyosarcoma","Embryonal rhabdomyosarcoma","CVCL_1058","CVCL_1058","ACH-000201","Cancer cell line","Female","1Y",NA,"Cancer cell line",NA,1,NA,NA,NA,NA,TRUE,NA,NA,NA,NA,NA,NA,NA,NA,NA,NA,NA,NA,NA,NA,NA,"A204_37_2019","'A204'","C8971","'A204'","CVCL_1058","Embryonal rhabdomyosarcoma","C8971","Cancer cell line","ACH-000201","Female","1Y",NA,"26","A204","ccle;public","soft_tissue","rhabdoid_tumor",NA,NA,NA,NA,NA,NA,NA,NA,NA,NA,NA,NA,NA,NA,NA,NA,NA,NA,NA,NA,NA,NA,NA,NA,NA,NA,NA,NA,NA,NA,NA,NA,NA,NA,NA,NA,NA,NA,NA,NA,NA,NA,NA,NA,NA,NA,NA,NA,NA,NA,NA,NA
"CTRPv2_2015","SE","A-673","A-673","Bone","Bone","bone","Ewing sarcoma","Ewing sarcoma","CVCL_0080","CVCL_0080","ACH-000052","Cancer cell line","Female","15Y",NA,"Cancer cell line",NA,1,NA,NA,NA,NA,TRUE,NA,NA,NA,NA,NA,NA,NA,NA,NA,NA,NA,NA,NA,NA,NA,"A673_49_2019","'A673','RMS 1598','RMS1598'","C4817","'A673','RMS 1598','RMS1598'","CVCL_0080","Ewing sarcoma","C4817","Cancer cell line","ACH-000052","Female","15Y",NA,"37","A673","ccle;public","bone","Ewings_sarcoma_peripheral_primitive_neuroectodermal_tumor",NA,NA,NA,NA,NA,NA,NA,NA,NA,NA,NA,NA,NA,NA,NA,NA,NA,NA,NA,NA,NA,NA,NA,NA,NA,NA,NA,NA,NA,NA,NA,NA,NA,NA,NA,NA,NA,NA,NA,NA,NA,NA,NA,NA,NA,NA,NA,NA,NA,NA,NA,NA
"CTRPv2_2015","SE","Aska-SS","Aska-SS","Soft Tissue","Soft Tissue",NA,"Biphasic synovial sarcoma","Biphasic synovial sarcoma","CVCL_6C43","CVCL_6C43",NA,"Cancer cell line","Male","27Y",NA,"Cancer cell line",NA,1,NA,NA,NA,NA,TRUE,NA,NA,NA,NA,NA,NA,NA,NA,NA,NA,NA,NA,NA,NA,NA,"ASKA_66_2019","'Aska (SS)','Aska','ASKA'","C4279","'Aska (SS)','Aska','ASKA'","CVCL_6C43","Biphasic synovial sarcoma","C4279","Cancer cell line",NA,"Male","27Y",NA,"155825","ASKA","collaborator",NA,NA,NA,NA,NA,NA,NA,NA,NA,NA,NA,NA,NA,NA,NA,NA,NA,NA,NA,NA,NA,NA,NA,NA,NA,NA,NA,NA,NA,NA,NA,NA,NA,NA,NA,NA,NA,NA,NA,NA,NA,NA,NA,NA,NA,NA,NA,NA,NA,NA,NA,NA,NA,NA
"CTRPv2_2015","SE","CADO-ES1","CADO-ES1","Bone","Bone","bone","Ewing sarcoma","Ewing sarcoma","CVCL_1103","CVCL_1103","ACH-000210","Cancer cell line","Female","19Y"," Pleural effusion ","Cancer cell line","TRUE",1,NA,NA,NA,NA,TRUE,NA,NA,NA,NA,NA,NA,NA,NA,NA,NA,NA,NA,NA,NA,NA,"CADOES1_162_2019","'CADO-ES-1','Cado-ES-1','CADO ES1','CADOES1','CADO-ES','Cado-ES','ESCADO1','Center for Adult Diseases Osaka-Ewing Sarcoma 1'","C4817","'CADO-ES-1','Cado-ES-1','CADO ES1','CADOES1','CADO-ES','Cado-ES','ESCADO1','Center for Adult Diseases Osaka-Ewing Sarcoma 1'","CVCL_1103","Ewing sarcoma","C4817","Cancer cell line","ACH-000210","Female","19Y"," Pleural effusion ","108","CADOES1","ccle;public","bone","Ewings_sarcoma_peripheral_primitive_neuroectodermal_tumor",NA,NA,NA,NA,NA,NA,NA,NA,NA,NA,NA,NA,NA,NA,NA,NA,NA,NA,NA,NA,NA,NA,NA,NA,NA,NA,NA,NA,NA,NA,NA,NA,NA,NA,NA,NA,NA,NA,NA,NA,NA,NA,NA,NA,NA,NA,NA,NA,NA,NA,NA,NA
"CTRPv2_2015","SE","CAL-78","CAL-78","Bone","Bone","soft_tissue","Dedifferentiated chondrosarcoma","Dedifferentiated chondrosarcoma","CVCL_1809","CVCL_1809","ACH-000516","Cancer cell line","Male","76Y",NA,"Cancer cell line",NA,1,NA,NA,NA,NA,TRUE,NA,NA,NA,NA,NA,NA,NA,NA,NA,NA,NA,NA,NA,NA,NA,"CAL78_176_2019","'CAL 78','CAL78','Centre Antoine Lacassagne-78'","C6476","'CAL 78','CAL78','Centre Antoine Lacassagne-78'","CVCL_1809","Dedifferentiated chondrosarcoma","C6476","Cancer cell line","ACH-000516","Male","76Y",NA,"120","CAL78","ccle;public","bone","chondrosarcoma","dedifferentiated",NA,NA,NA,NA,NA,NA,NA,NA,NA,NA,NA,NA,NA,NA,NA,NA,NA,NA,NA,NA,NA,NA,NA,NA,NA,NA,NA,NA,NA,NA,NA,NA,NA,NA,NA,NA,NA,NA,NA,NA,NA,NA,NA,NA,NA,NA,NA,NA,NA,NA,NA
"CTRPv2_2015","SE","ESS-1","ESS-1","Uterus","Soft Tissue","endometrium","Endometrioid stromal sarcoma","Endometrioid stromal sarcoma","CVCL_1205","CVCL_1205","ACH-000913","Cancer cell line","Female","76Y",NA,"Cancer cell line",NA,1,NA,NA,NA,NA,TRUE,NA,NA,NA,NA,NA,NA,NA,NA,NA,NA,NA,NA,NA,NA,NA,"ESS1_347_2019","'ESS1','Endometrial Stromal Sarcoma-1'","C8973","'ESS1','Endometrial Stromal Sarcoma-1'","CVCL_1205","Endometrioid stromal sarcoma","C8973","Cancer cell line","ACH-000913","Female","76Y",NA,"248","ESS1","ccle;public","endometrium","carcinoma","carcinosarcoma; malignant_mesodermal_mixed_tumor",NA,NA,NA,NA,NA,NA,NA,NA,NA,NA,NA,NA,NA,NA,NA,NA,NA,NA,NA,NA,NA,NA,NA,NA,NA,NA,NA,NA,NA,NA,NA,NA,NA,NA,NA,NA,NA,NA,NA,NA,NA,NA,NA,NA,NA,NA,NA,NA,NA,NA,NA
"CTRPv2_2015","SE","G-292 clone A141B1","G-292 clone A141B1","Bone","Bone","bone","Osteosarcoma","Osteosarcoma","CVCL_2909","CVCL_2909","ACH-000082","Cancer cell line","Female","9Y",NA,"Cancer cell line",NA,1,NA,NA,NA,NA,TRUE,NA,NA,NA,NA,NA,NA,NA,NA,NA,NA,NA,NA,NA,NA,NA,"G292,cloneA141B1_372_2019","'G 292 Clone A 141B1','G-292, clone A141B1','G292CLONEA141B1','G-292','G292'","C9145","'G 292 Clone A 141B1','G-292, clone A141B1','G292CLONEA141B1','G-292','G292'","CVCL_2909","Osteosarcoma","C9145","Cancer cell line","ACH-000082","Female","9Y",NA,"262","G292CLONEA141B1","ccle;public","bone","osteosarcoma",NA,NA,NA,NA,NA,NA,NA,NA,NA,NA,NA,NA,NA,NA,NA,NA,NA,NA,NA,NA,NA,NA,NA,NA,NA,NA,NA,NA,NA,NA,NA,NA,NA,NA,NA,NA,NA,NA,NA,NA,NA,NA,NA,NA,NA,NA,NA,NA,NA,NA,NA,NA
"CTRPv2_2015","SE","GCT","GCT","Soft Tissue","Soft Tissue","soft_tissue","Undifferentiated pleomorphic sarcoma","Undifferentiated pleomorphic sarcoma","CVCL_1229","CVCL_1229","ACH-000835","Cancer cell line","Male","29Y"," Pleural effusion ","Cancer cell line","TRUE",1,NA,NA,NA,NA,TRUE,NA,NA,NA,NA,NA,NA,NA,NA,NA,NA,NA,NA,NA,NA,NA,"GCT_401_2019","'Giant Cell Tumor'","C4247","'Giant Cell Tumor'","CVCL_1229","Undifferentiated pleomorphic sarcoma","C4247","Cancer cell line","ACH-000835","Male","29Y"," Pleural effusion ","271","GCT","ccle;public","soft_tissue","malignant_fibrous_histiocytoma_pleomorphic_sarcoma",NA,NA,NA,NA,NA,NA,NA,NA,NA,NA,NA,NA,NA,NA,NA,NA,NA,NA,NA,NA,NA,NA,NA,NA,NA,NA,NA,NA,NA,NA,NA,NA,NA,NA,NA,NA,NA,NA,NA,NA,NA,NA,NA,NA,NA,NA,NA,NA,NA,NA,NA,NA
"CTRPv2_2015","SE","HOS","HOS","Bone","Bone","bone","Osteosarcoma","Osteosarcoma","CVCL_0312","CVCL_0312","ACH-000613","Cancer cell line","Female","13Y",NA,"Cancer cell line",NA,1,NA,NA,NA,NA,TRUE,NA,NA,NA,NA,NA,NA,NA,NA,NA,NA,NA,NA,NA,NA,NA,"HOS_563_2019",NA,"C9145",NA,"CVCL_0312","Osteosarcoma","C9145","Cancer cell line","ACH-000613","Female","13Y",NA,"383","HOS","ccle;public","bone","osteosarcoma",NA,NA,NA,NA,NA,NA,NA,NA,NA,NA,NA,NA,NA,NA,NA,NA,NA,NA,NA,NA,NA,NA,NA,NA,NA,NA,NA,NA,NA,NA,NA,NA,NA,NA,NA,NA,NA,NA,NA,NA,NA,NA,NA,NA,NA,NA,NA,NA,NA,NA,NA,NA
"CTRPv2_2015","SE","Hs 729.T","Hs 729.T","Soft Tissue","Soft Tissue","soft_tissue","Embryonal rhabdomyosarcoma","Embryonal rhabdomyosarcoma","CVCL_0871","CVCL_0871","ACH-000133","Cancer cell line","Male","74Y",NA,"Cancer cell line",NA,1,NA,NA,NA,NA,TRUE,NA,NA,NA,NA,NA,NA,NA,NA,NA,NA,NA,NA,NA,NA,NA,"Hs729_590_2019","'Hs 729','HS-729','Hs729','HS729','Hs-729-T','Hs 729T','Hs729T','HS729T'","C8971","'Hs 729','HS-729','Hs729','HS729','Hs-729-T','Hs 729T','Hs729T','HS729T'","CVCL_0871","Embryonal rhabdomyosarcoma","C8971","Cancer cell line","ACH-000133","Male","74Y",NA,"414","HS729","ccle;public","soft_tissue","rhabdomyosarcoma",NA,NA,NA,NA,NA,NA,NA,NA,NA,NA,NA,NA,NA,NA,NA,NA,NA,NA,NA,NA,NA,NA,NA,NA,NA,NA,NA,NA,NA,NA,NA,NA,NA,NA,NA,NA,NA,NA,NA,NA,NA,NA,NA,NA,NA,NA,NA,NA,NA,NA,NA,NA
"CTRPv2_2015","SE","Hs 822.T","Hs 822.T","Bone","Bone","bone","Ewing sarcoma","Ewing sarcoma","CVCL_0933","CVCL_0933","ACH-000229","Cancer cell line","Female","9Y",NA,"Cancer cell line",NA,1,NA,NA,NA,NA,TRUE,NA,NA,NA,NA,NA,NA,NA,NA,NA,NA,NA,NA,NA,NA,NA,"Hs822.T_599_2019","'Hs-822-T','Hs822T','HS822T'","C4817","'Hs-822-T','Hs822T','HS822T'","CVCL_0933","Ewing sarcoma","C4817","Cancer cell line","ACH-000229","Female","9Y",NA,"424","HS822T","ccle;public","bone","Ewings_sarcoma_peripheral_primitive_neuroectodermal_tumor",NA,NA,NA,NA,NA,NA,NA,NA,NA,NA,NA,NA,NA,NA,NA,NA,NA,NA,NA,NA,NA,NA,NA,NA,NA,NA,NA,NA,NA,NA,NA,NA,NA,NA,NA,NA,NA,NA,NA,NA,NA,NA,NA,NA,NA,NA,NA,NA,NA,NA,NA,NA
"CTRPv2_2015","SE","Hs 888.T","Hs 888.T","Bone","Bone","bone","Osteosarcoma","Osteosarcoma","CVCL_0979","CVCL_0979","ACH-000154","Cancer cell line","Male","20Y"," Lung ","Cancer cell line",NA,1,NA,NA,NA,NA,TRUE,NA,NA,NA,NA,NA,NA,NA,NA,NA,NA,NA,NA,NA,NA,NA,"Hs888.T_606_2019","'Hs-888-T','Hs888T','HS888T'","C9145","'Hs-888-T','Hs888T','HS888T'","CVCL_0979","Osteosarcoma","C9145","Cancer cell line","ACH-000154","Male","20Y"," Lung ","432","HS888T","ccle;public","bone","osteosarcoma",NA,NA,NA,NA,NA,NA,NA,NA,NA,NA,NA,NA,NA,NA,NA,NA,NA,NA,NA,NA,NA,NA,NA,NA,NA,NA,NA,NA,NA,NA,NA,NA,NA,NA,NA,NA,NA,NA,NA,NA,NA,NA,NA,NA,NA,NA,NA,NA,NA,NA,NA,NA
"CTRPv2_2015","SE","HT-1080","HT-1080","Soft Tissue","Soft Tissue","soft_tissue","Fibrosarcoma","Fibrosarcoma","CVCL_0317","CVCL_0317","ACH-000054","Cancer cell line","Male","35Y",NA,"Cancer cell line",NA,1,NA,NA,NA,NA,TRUE,NA,NA,NA,NA,NA,NA,NA,NA,NA,NA,NA,NA,NA,NA,NA,"HT1080_625_2019","'Ht-1080','HT 1080','HT1080','HT 1080.T'","C3043","'Ht-1080','HT 1080','HT1080','HT 1080.T'","CVCL_0317","Fibrosarcoma","C3043","Cancer cell line","ACH-000054","Male","35Y",NA,"446","HT1080","ccle;public","soft_tissue","fibrosarcoma",NA,NA,NA,NA,NA,NA,NA,NA,NA,NA,NA,NA,NA,NA,NA,NA,NA,NA,NA,NA,NA,NA,NA,NA,NA,NA,NA,NA,NA,NA,NA,NA,NA,NA,NA,NA,NA,NA,NA,NA,NA,NA,NA,NA,NA,NA,NA,NA,NA,NA,NA,NA
"CTRPv2_2015","SE","KYM-1","KYM-1","Soft Tissue","Soft Tissue","soft_tissue","Alveolar rhabdomyosarcoma","Embryonal rhabdomyosarcoma","CVCL_3007","CVCL_3007","ACH-000607","Cancer cell line","Male","9M",NA,"Cancer cell line",NA,1,NA,NA,NA,NA,TRUE,NA,NA,NA,NA,NA,NA,NA,NA,NA,NA,NA,NA,NA,NA,NA,"KYM1_799_2019","'Kym-1','KYM1'","C8971","'Kym-1','KYM1'","CVCL_3007","Embryonal rhabdomyosarcoma","C8971","Cancer cell line","ACH-000607","Male","9M",NA,"578","KYM1","ccle;public","soft_tissue","rhabdomyosarcoma",NA,NA,NA,NA,NA,NA,NA,NA,NA,NA,NA,NA,NA,NA,NA,NA,NA,NA,NA,NA,NA,NA,NA,NA,NA,NA,NA,NA,NA,NA,NA,NA,NA,NA,NA,NA,NA,NA,NA,NA,NA,NA,NA,NA,NA,NA,NA,NA,NA,NA,NA,NA
"CTRPv2_2015","SE","MES-SA","MES-SA","Uterus","Soft Tissue","endometrium","Uterine corpus sarcoma","Uterine corpus sarcoma","CVCL_1404","CVCL_1404","ACH-000449","Cancer cell line","Female","56Y",NA,"Cancer cell line",NA,1,NA,NA,NA,NA,TRUE,NA,NA,NA,NA,NA,NA,NA,NA,NA,NA,NA,NA,NA,NA,NA,"MESSA_916_2019","'MESSA'","C6339","'MESSA'","CVCL_1404","Uterine corpus sarcoma","C6339","Cancer cell line","ACH-000449","Female","56Y",NA,"668","MESSA","ccle;public","soft_tissue","sarcoma",NA,NA,NA,NA,NA,NA,NA,NA,NA,NA,NA,NA,NA,NA,NA,NA,NA,NA,NA,NA,NA,NA,NA,NA,NA,NA,NA,NA,NA,NA,NA,NA,NA,NA,NA,NA,NA,NA,NA,NA,NA,NA,NA,NA,NA,NA,NA,NA,NA,NA,NA,NA
"CTRPv2_2015","SE","MG-63","MG-63","Bone","Bone","bone","Osteosarcoma","Osteosarcoma","CVCL_0426","CVCL_0426","ACH-000359","Cancer cell line","Male","14Y"," Bone; left femur ","Cancer cell line",NA,1,NA,NA,NA,NA,TRUE,NA,NA,NA,NA,NA,NA,NA,NA,NA,NA,NA,NA,NA,NA,NA,"MG63_924_2019","'M-G63','MG63'","C9145","'M-G63','MG63'","CVCL_0426","Osteosarcoma","C9145","Cancer cell line","ACH-000359","Male","14Y"," Bone; left femur ","673","MG63","ccle;public","bone","osteosarcoma",NA,NA,NA,NA,NA,NA,NA,NA,NA,NA,NA,NA,NA,NA,NA,NA,NA,NA,NA,NA,NA,NA,NA,NA,NA,NA,NA,NA,NA,NA,NA,NA,NA,NA,NA,NA,NA,NA,NA,NA,NA,NA,NA,NA,NA,NA,NA,NA,NA,NA,NA,NA
"CTRPv2_2015","SE","MHH-ES-1","MHH-ES-1","Bone","Bone","bone","Ewing sarcoma","Ewing sarcoma","CVCL_1411","CVCL_1411","ACH-000391","Cancer cell line","Male","12Y"," Ascites ","Cancer cell line","TRUE",1,NA,NA,NA,NA,TRUE,NA,NA,NA,NA,NA,NA,NA,NA,NA,NA,NA,NA,NA,NA,NA,"MHHES1_928_2019","'MHH-ES1','MHHES1'","C4817","'MHH-ES1','MHHES1'","CVCL_1411","Ewing sarcoma","C4817","Cancer cell line","ACH-000391","Male","12Y"," Ascites ","677","MHHES1","ccle;public","bone","Ewings_sarcoma_peripheral_primitive_neuroectodermal_tumor",NA,NA,NA,NA,NA,NA,NA,NA,NA,NA,NA,NA,NA,NA,NA,NA,NA,NA,NA,NA,NA,NA,NA,NA,NA,NA,NA,NA,NA,NA,NA,NA,NA,NA,NA,NA,NA,NA,NA,NA,NA,NA,NA,NA,NA,NA,NA,NA,NA,NA,NA,NA
"CTRPv2_2015","SE","RD","RD","Soft Tissue","Soft Tissue","soft_tissue","Embryonal rhabdomyosarcoma","Embryonal rhabdomyosarcoma","CVCL_1649","CVCL_1649","ACH-000169","Cancer cell line","Female","7Y",NA,"Cancer cell line",NA,1,NA,NA,NA,NA,TRUE,NA,NA,NA,NA,NA,NA,NA,NA,NA,NA,NA,NA,NA,NA,NA,"RD_1296_2019","'R D','RD-2','RD 2','130T','130-T','130 T','TE-32','TE 32','TE32','TE 32.T','Te 32.T'","C8971","'R D','RD-2','RD 2','130T','130-T','130 T','TE-32','TE 32','TE32','TE 32.T','Te 32.T'","CVCL_1649","Embryonal rhabdomyosarcoma","C8971","Cancer cell line","ACH-000169","Female","7Y",NA,"961","RD","ccle;public","soft_tissue","rhabdomyosarcoma","embryonal",NA,NA,NA,NA,NA,NA,NA,NA,NA,NA,NA,NA,NA,NA,NA,NA,NA,NA,NA,NA,NA,NA,NA,NA,NA,NA,NA,NA,NA,NA,NA,NA,NA,NA,NA,NA,NA,NA,NA,NA,NA,NA,NA,NA,NA,NA,NA,NA,NA,NA,NA
"CTRPv2_2015","SE","RD-ES","RD-ES","Bone","Bone","bone","Ewing sarcoma","Ewing sarcoma","CVCL_2169","CVCL_2169","ACH-000041","Cancer cell line","Male","19Y",NA,"Cancer cell line",NA,1,NA,NA,NA,NA,TRUE,NA,NA,NA,NA,NA,NA,NA,NA,NA,NA,NA,NA,NA,NA,NA,"RDES_1297_2019","'RDES','RDES-1'","C4817","'RDES','RDES-1'","CVCL_2169","Ewing sarcoma","C4817","Cancer cell line","ACH-000041","Male","19Y",NA,"963","RDES","ccle;public","bone","Ewings_sarcoma_peripheral_primitive_neuroectodermal_tumor",NA,NA,NA,NA,NA,NA,NA,NA,NA,NA,NA,NA,NA,NA,NA,NA,NA,NA,NA,NA,NA,NA,NA,NA,NA,NA,NA,NA,NA,NA,NA,NA,NA,NA,NA,NA,NA,NA,NA,NA,NA,NA,NA,NA,NA,NA,NA,NA,NA,NA,NA,NA
"CTRPv2_2015","SE","Rh18","Rh18","Soft Tissue","Soft Tissue","soft_tissue","Alveolar rhabdomyosarcoma","Alveolar rhabdomyosarcoma","CVCL_1659","CVCL_1659","ACH-000689","Cancer cell line","Female","2Y",NA,"Cancer cell line",NA,1,NA,NA,NA,NA,TRUE,NA,NA,NA,NA,NA,NA,NA,NA,NA,NA,NA,NA,NA,NA,NA,"RH18_1311_2019","'RH18','RH-18','Rh-18','Rh 18','SJRH-18','SJRH18'","C3749","'RH18','RH-18','Rh-18','Rh 18','SJRH-18','SJRH18'","CVCL_1659","Alveolar rhabdomyosarcoma","C3749","Cancer cell line","ACH-000689","Female","2Y",NA,"973","RH18","ccle;public","soft_tissue","rhabdomyosarcoma","alveolar",NA,NA,NA,NA,NA,NA,NA,NA,NA,NA,NA,NA,NA,NA,NA,NA,NA,NA,NA,NA,NA,NA,NA,NA,NA,NA,NA,NA,NA,NA,NA,NA,NA,NA,NA,NA,NA,NA,NA,NA,NA,NA,NA,NA,NA,NA,NA,NA,NA,NA,NA
"CTRPv2_2015","SE","Rh30","Rh30","Soft Tissue","Soft Tissue","soft_tissue","Alveolar rhabdomyosarcoma","Alveolar rhabdomyosarcoma","CVCL_0041","CVCL_0041","ACH-000833","Cancer cell line","Male","17Y"," Bone marrow ","Cancer cell line","TRUE",1,NA,NA,NA,NA,TRUE,NA,NA,NA,NA,NA,NA,NA,NA,NA,NA,NA,NA,NA,NA,NA,"RH30_1312_2019","'RH30','RH-30','Rh-30','RH30SJ','SJRH-30','SJRH30','SJ-RH30','SJ-Rh 30','SJRH 30','SJCRH30','RC13','RMS-13, RMS 13','RMS13'","C3749","'RH30','RH-30','Rh-30','RH30SJ','SJRH-30','SJRH30','SJ-RH30','SJ-Rh 30','SJRH 30','SJCRH30','RC13','RMS-13, RMS 13','RMS13'","CVCL_0041","Alveolar rhabdomyosarcoma","C3749","Cancer cell line","ACH-000833","Male","17Y"," Bone marrow ","975","RH30","ccle;public","soft_tissue","rhabdomyosarcoma","alveolar",NA,NA,NA,NA,NA,NA,NA,NA,NA,NA,NA,NA,NA,NA,NA,NA,NA,NA,NA,NA,NA,NA,NA,NA,NA,NA,NA,NA,NA,NA,NA,NA,NA,NA,NA,NA,NA,NA,NA,NA,NA,NA,NA,NA,NA,NA,NA,NA,NA,NA,NA
"CTRPv2_2015","SE","Rh41","Rh41","Soft Tissue","Soft Tissue","soft_tissue","Alveolar rhabdomyosarcoma","Alveolar rhabdomyosarcoma","CVCL_2176","CVCL_2176","ACH-000100","Cancer cell line","Female","7Y",NA,"Cancer cell line",NA,1,NA,NA,NA,NA,TRUE,NA,NA,NA,NA,NA,NA,NA,NA,NA,NA,NA,NA,NA,NA,NA,"RH41_1313_2019","'RH41','RH-41','Rh-41','SJ-Rh41'","C3749","'RH41','RH-41','Rh-41','SJ-Rh41'","CVCL_2176","Alveolar rhabdomyosarcoma","C3749","Cancer cell line","ACH-000100","Female","7Y",NA,"976","RH41","ccle;public","soft_tissue","rhabdomyosarcoma","alveolar",NA,NA,NA,NA,NA,NA,NA,NA,NA,NA,NA,NA,NA,NA,NA,NA,NA,NA,NA,NA,NA,NA,NA,NA,NA,NA,NA,NA,NA,NA,NA,NA,NA,NA,NA,NA,NA,NA,NA,NA,NA,NA,NA,NA,NA,NA,NA,NA,NA,NA,NA
"CTRPv2_2015","SE","RKN","RKN","Soft Tissue","Soft Tissue","soft_tissue","Ovarian leiomyosarcoma","Ovarian leiomyosarcoma","CVCL_3156","CVCL_3156","ACH-000505","Cancer cell line","Female","45Y",NA,"Cancer cell line",NA,1,NA,NA,NA,NA,TRUE,NA,NA,NA,NA,NA,NA,NA,NA,NA,NA,NA,NA,NA,NA,NA,"RKN_1315_2019",NA,"C5234",NA,"CVCL_3156","Ovarian leiomyosarcoma","C5234","Cancer cell line","ACH-000505","Female","45Y",NA,"978","RKN","ccle;public","soft_tissue","leiomyosarcoma",NA,NA,NA,NA,NA,NA,NA,NA,NA,NA,NA,NA,NA,NA,NA,NA,NA,NA,NA,NA,NA,NA,NA,NA,NA,NA,NA,NA,NA,NA,NA,NA,NA,NA,NA,NA,NA,NA,NA,NA,NA,NA,NA,NA,NA,NA,NA,NA,NA,NA,NA,NA
"CTRPv2_2015","SE","SaOS-2","SaOS-2","Bone","Bone","bone","Osteosarcoma","Osteosarcoma","CVCL_0548","CVCL_0548","ACH-000410","Cancer cell line","Female","11Y",NA,"Cancer cell line",NA,1,NA,NA,NA,NA,TRUE,NA,NA,NA,NA,NA,NA,NA,NA,NA,NA,NA,NA,NA,NA,NA,"Saos2_1343_2019","'SAOS-2','Saos-2','SAOS 2','Saos 2','Saos2','SaOs2','SAOS2','Sarcoma OSteogenic-2','SaOS','SAOS'","C9145","'SAOS-2','Saos-2','SAOS 2','Saos 2','Saos2','SaOs2','SAOS2','Sarcoma OSteogenic-2','SaOS','SAOS'","CVCL_0548","Osteosarcoma","C9145","Cancer cell line","ACH-000410","Female","11Y",NA,"1004","SAOS2","ccle;public","bone","osteosarcoma",NA,NA,NA,NA,NA,NA,NA,NA,NA,NA,NA,NA,NA,NA,NA,NA,NA,NA,NA,NA,NA,NA,NA,NA,NA,NA,NA,NA,NA,NA,NA,NA,NA,NA,NA,NA,NA,NA,NA,NA,NA,NA,NA,NA,NA,NA,NA,NA,NA,NA,NA,NA
"CTRPv2_2015","SE","SJSA-1","SJSA-1","Bone","Bone","bone","Osteosarcoma","Osteosarcoma","CVCL_1697","CVCL_1697","ACH-000748","Cancer cell line","Male","19Y",NA,"Cancer cell line",NA,1,NA,NA,NA,NA,TRUE,NA,NA,NA,NA,NA,NA,NA,NA,NA,NA,NA,NA,NA,NA,NA,"SJSA1_1382_2019","'SJSA1','SJSA','OsA-CL','OSA-CL','OsACL','OSACL','Os-A','OSA','OsA'","C9145","'SJSA1','SJSA','OsA-CL','OSA-CL','OsACL','OSACL','Os-A','OSA','OsA'","CVCL_1697","Osteosarcoma","C9145","Cancer cell line","ACH-000748","Male","19Y",NA,"1032","SJSA1","ccle;public","bone","osteosarcoma",NA,NA,NA,NA,NA,NA,NA,NA,NA,NA,NA,NA,NA,NA,NA,NA,NA,NA,NA,NA,NA,NA,NA,NA,NA,NA,NA,NA,NA,NA,NA,NA,NA,NA,NA,NA,NA,NA,NA,NA,NA,NA,NA,NA,NA,NA,NA,NA,NA,NA,NA,NA
"CTRPv2_2015","SE","SK-ES-1","SK-ES-1","Bone","Bone","bone","Ewing sarcoma","Ewing sarcoma","CVCL_0627","CVCL_0627","ACH-000087","Cancer cell line","Male","18Y",NA,"Cancer cell line",NA,1,NA,NA,NA,NA,TRUE,NA,NA,NA,NA,NA,NA,NA,NA,NA,NA,NA,NA,NA,NA,NA,"SKES1_1387_2019","'Sk-Es-1','Sk-ES-1','SK ES 01','SK-ES1','SKES-1','SKES1','SK-ES'","C4817","'Sk-Es-1','Sk-ES-1','SK ES 01','SK-ES1','SKES-1','SKES1','SK-ES'","CVCL_0627","Ewing sarcoma","C4817","Cancer cell line","ACH-000087","Male","18Y",NA,"1035","SKES1","ccle;public","bone","Ewings_sarcoma_peripheral_primitive_neuroectodermal_tumor",NA,NA,NA,NA,NA,NA,NA,NA,NA,NA,NA,NA,NA,NA,NA,NA,NA,NA,NA,NA,NA,NA,NA,NA,NA,NA,NA,NA,NA,NA,NA,NA,NA,NA,NA,NA,NA,NA,NA,NA,NA,NA,NA,NA,NA,NA,NA,NA,NA,NA,NA,NA
"CTRPv2_2015","SE","SK-LMS-1","SK-LMS-1","Soft Tissue","Soft Tissue","soft_tissue","Vulvar leiomyosarcoma","Vulvar leiomyosarcoma","CVCL_0628","CVCL_0628","ACH-000145","Cancer cell line","Female","43Y",NA,"Cancer cell line",NA,1,NA,NA,NA,NA,TRUE,NA,NA,NA,NA,NA,NA,NA,NA,NA,NA,NA,NA,NA,NA,NA,"SKLMS1_1391_2019","'SKLMS-1','SKLMS1'","C40318","'SKLMS-1','SKLMS1'","CVCL_0628","Vulvar leiomyosarcoma","C40318","Cancer cell line","ACH-000145","Female","43Y",NA,"1037","SKLMS1","ccle;public","soft_tissue","sarcoma",NA,NA,NA,NA,NA,NA,NA,NA,NA,NA,NA,NA,NA,NA,NA,NA,NA,NA,NA,NA,NA,NA,NA,NA,NA,NA,NA,NA,NA,NA,NA,NA,NA,NA,NA,NA,NA,NA,NA,NA,NA,NA,NA,NA,NA,NA,NA,NA,NA,NA,NA,NA
"CTRPv2_2015","SE","SK-UT-1","SK-UT-1","Uterus","Soft Tissue","soft_tissue","Uterine corpus leiomyosarcoma","Uterine corpus leiomyosarcoma","CVCL_0533","CVCL_0533","ACH-000939","Cancer cell line","Female","75Y",NA,"Cancer cell line",NA,1,NA,NA,NA,NA,TRUE,NA,NA,NA,NA,NA,NA,NA,NA,NA,NA,NA,NA,NA,NA,NA,"SKUT1_1415_2019","'SK UT 1','SKUT-1','SKUT1','Skut1'","C6340","'SK UT 1','SKUT-1','SKUT1','Skut1'","CVCL_0533","Uterine corpus leiomyosarcoma","C6340","Cancer cell line","ACH-000939","Female","75Y",NA,"1063","SKUT1","ccle;public","soft_tissue","leiomyosarcoma",NA,NA,NA,NA,NA,NA,NA,NA,NA,NA,NA,NA,NA,NA,NA,NA,NA,NA,NA,NA,NA,NA,NA,NA,NA,NA,NA,NA,NA,NA,NA,NA,NA,NA,NA,NA,NA,NA,NA,NA,NA,NA,NA,NA,NA,NA,NA,NA,NA,NA,NA,NA
"CTRPv2_2015","SE","SW1353","SW1353","Bone","Bone","bone","Primary central chondrosarcoma","Primary central chondrosarcoma","CVCL_0543","CVCL_0543","ACH-000418","Cancer cell line","Female","72Y",NA,"Cancer cell line",NA,1,NA,NA,NA,NA,TRUE,NA,NA,NA,NA,NA,NA,NA,NA,NA,NA,NA,NA,NA,NA,NA,"SW1353_1525_2019","'SW-1353','SW 1353'","C7155","'SW-1353','SW 1353'","CVCL_0543","Primary central chondrosarcoma","C7155","Cancer cell line","ACH-000418","Female","72Y",NA,"1154","SW1353","ccle;public","bone","chondrosarcoma",NA,NA,NA,NA,NA,NA,NA,NA,NA,NA,NA,NA,NA,NA,NA,NA,NA,NA,NA,NA,NA,NA,NA,NA,NA,NA,NA,NA,NA,NA,NA,NA,NA,NA,NA,NA,NA,NA,NA,NA,NA,NA,NA,NA,NA,NA,NA,NA,NA,NA,NA,NA
"CTRPv2_2015","SE","SW982","SW982","Soft Tissue","Soft Tissue","soft_tissue","Biphasic synovial sarcoma","Biphasic synovial sarcoma","CVCL_1734","CVCL_1734","ACH-001274","Cancer cell line","Female","25Y",NA,"Cancer cell line",NA,1,NA,NA,NA,NA,TRUE,NA,NA,NA,NA,NA,NA,NA,NA,NA,NA,NA,NA,NA,NA,NA,"SW982_1552_2019","'SW-982','SW 982'","C4279","'SW-982','SW 982'","CVCL_1734","Biphasic synovial sarcoma","C4279","Cancer cell line","ACH-001274","Female","25Y",NA,"150887","SW982","collaborator",NA,NA,NA,NA,NA,NA,NA,NA,NA,NA,NA,NA,NA,NA,NA,NA,NA,NA,NA,NA,NA,NA,NA,NA,NA,NA,NA,NA,NA,NA,NA,NA,NA,NA,NA,NA,NA,NA,NA,NA,NA,NA,NA,NA,NA,NA,NA,NA,NA,NA,NA,NA,NA,NA
"CTRPv2_2015","SE","SYO-1","SYO-1","Soft Tissue","Soft Tissue",NA,"Biphasic synovial sarcoma","Biphasic synovial sarcoma","CVCL_7146","CVCL_7146","ACH-001275","Cancer cell line","Female","19Y",NA,"Cancer cell line",NA,1,NA,NA,NA,NA,TRUE,NA,NA,NA,NA,NA,NA,NA,NA,NA,NA,NA,NA,NA,NA,NA,"SYO1_1553_2019","'SYO-I','SYO1'","C4279","'SYO-I','SYO1'","CVCL_7146","Biphasic synovial sarcoma","C4279","Cancer cell line","ACH-001275","Female","19Y",NA,"155827","SYO1","collaborator",NA,NA,NA,NA,NA,NA,NA,NA,NA,NA,NA,NA,NA,NA,NA,NA,NA,NA,NA,NA,NA,NA,NA,NA,NA,NA,NA,NA,NA,NA,NA,NA,NA,NA,NA,NA,NA,NA,NA,NA,NA,NA,NA,NA,NA,NA,NA,NA,NA,NA,NA,NA,NA,NA
"CTRPv2_2015","SE","TC-71","TC-71","Bone","Bone","bone","Ewing sarcoma","Ewing sarcoma","CVCL_2213","CVCL_2213","ACH-000424","Cancer cell line","Male","22Y",NA,"Cancer cell line",NA,1,NA,NA,NA,NA,TRUE,NA,NA,NA,NA,NA,NA,NA,NA,NA,NA,NA,NA,NA,NA,NA,"TC71_1567_2019","'TC71','GM11654'","C4817","'TC71','GM11654'","CVCL_2213","Ewing sarcoma","C4817","Cancer cell line","ACH-000424","Male","22Y",NA,"1180","TC71","ccle;public","bone","Ewings_sarcoma_peripheral_primitive_neuroectodermal_tumor",NA,NA,NA,NA,NA,NA,NA,NA,NA,NA,NA,NA,NA,NA,NA,NA,NA,NA,NA,NA,NA,NA,NA,NA,NA,NA,NA,NA,NA,NA,NA,NA,NA,NA,NA,NA,NA,NA,NA,NA,NA,NA,NA,NA,NA,NA,NA,NA,NA,NA,NA,NA
"CTRPv2_2015","SE","TE 441.T","TE 441.T","Soft Tissue","Soft Tissue","soft_tissue","Rhabdomyosarcoma","Rhabdomyosarcoma","CVCL_1754","CVCL_1754","ACH-000772","Cancer cell line","Female","14Y",NA,"Cancer cell line",NA,1,NA,NA,NA,NA,TRUE,NA,NA,NA,NA,NA,NA,NA,NA,NA,NA,NA,NA,NA,NA,NA,"TE441.T_1573_2019","'TE-441-T','TE441T'","C3359","'TE-441-T','TE441T'","CVCL_1754","Rhabdomyosarcoma","C3359","Cancer cell line","ACH-000772","Female","14Y",NA,"1192","TE441T","ccle;public","soft_tissue","rhabdomyosarcoma",NA,NA,NA,NA,NA,NA,NA,NA,NA,NA,NA,NA,NA,NA,NA,NA,NA,NA,NA,NA,NA,NA,NA,NA,NA,NA,NA,NA,NA,NA,NA,NA,NA,NA,NA,NA,NA,NA,NA,NA,NA,NA,NA,NA,NA,NA,NA,NA,NA,NA,NA,NA
"CTRPv2_2015","SE","TE 617.T","TE 617.T","Soft Tissue","Soft Tissue","soft_tissue","Rhabdomyosarcoma","Rhabdomyosarcoma","CVCL_1755","CVCL_1755","ACH-000051","Cancer cell line","Female","1Y8M",NA,"Cancer cell line",NA,1,NA,NA,NA,NA,TRUE,NA,NA,NA,NA,NA,NA,NA,NA,NA,NA,NA,NA,NA,NA,NA,"TE617.T_1574_2019","'TE-617-T','TE617T'","C3359","'TE-617-T','TE617T'","CVCL_1755","Rhabdomyosarcoma","C3359","Cancer cell line","ACH-000051","Female","1Y8M",NA,"1195","TE617T","ccle;public","soft_tissue","rhabdomyosarcoma",NA,NA,NA,NA,NA,NA,NA,NA,NA,NA,NA,NA,NA,NA,NA,NA,NA,NA,NA,NA,NA,NA,NA,NA,NA,NA,NA,NA,NA,NA,NA,NA,NA,NA,NA,NA,NA,NA,NA,NA,NA,NA,NA,NA,NA,NA,NA,NA,NA,NA,NA,NA
"CTRPv2_2015","SE","U2OS","U2OS","Bone","Bone","bone","Osteosarcoma","Osteosarcoma","CVCL_0042","CVCL_0042","ACH-000364","Cancer cell line","Female","15Y",NA,"Cancer cell line",NA,1,NA,NA,NA,NA,TRUE,NA,NA,NA,NA,NA,NA,NA,NA,NA,NA,NA,NA,NA,NA,NA,"U2OS_1619_2019","'U-2 OS','U-2OS','U-2-OS','U2-OS','U20-S','U20S','2T'","C9145","'U-2 OS','U-2OS','U-2-OS','U2-OS','U20-S','U20S','2T'","CVCL_0042","Osteosarcoma","C9145","Cancer cell line","ACH-000364","Female","15Y",NA,"1226","U2OS","ccle;public","bone","osteosarcoma",NA,NA,NA,NA,NA,NA,NA,NA,NA,NA,NA,NA,NA,NA,NA,NA,NA,NA,NA,NA,NA,NA,NA,NA,NA,NA,NA,NA,NA,NA,NA,NA,NA,NA,NA,NA,NA,NA,NA,NA,NA,NA,NA,NA,NA,NA,NA,NA,NA,NA,NA,NA
"CTRPv2_2015","SE","Yamato-SS","Yamato-SS","Soft Tissue","Soft Tissue",NA,"Biphasic synovial sarcoma","Biphasic synovial sarcoma","CVCL_6C44","CVCL_6C44","ACH-001277","Cancer cell line","Male","30Y"," Lung ","Cancer cell line","TRUE",1,NA,NA,NA,NA,TRUE,NA,NA,NA,NA,NA,NA,NA,NA,NA,NA,NA,NA,NA,NA,NA,"YAMATO_1678_2019","'YAMATO','Yamato'","C4279","'YAMATO','Yamato'","CVCL_6C44","Biphasic synovial sarcoma","C4279","Cancer cell line","ACH-001277","Male","30Y"," Lung ","155826","YAMATO","collaborator",NA,NA,NA,NA,NA,NA,NA,NA,NA,NA,NA,NA,NA,NA,NA,NA,NA,NA,NA,NA,NA,NA,NA,NA,NA,NA,NA,NA,NA,NA,NA,NA,NA,NA,NA,NA,NA,NA,NA,NA,NA,NA,NA,NA,NA,NA,NA,NA,NA,NA,NA,NA,NA,NA
"gCSI_2019","MAE","105KC","105KC","Bone","Bone","cartilage","Myxoid chondrosarcoma","Chondrosarcoma","CVCL_M605","CVCL_M605",NA,"Cancer cell line","Male","66Y",NA,"Cancer cell line",NA,3,TRUE,NA,FALSE,TRUE,TRUE,NA,NA,NA,NA,NA,NA,NA,NA,NA,NA,NA,NA,NA,NA,NA,"105KC_1_2019","'105 KC','KC'","C2946","'105 KC','KC'","CVCL_M605","Chondrosarcoma","C2946","Cancer cell line",NA,"Male","66Y",NA,NA,NA,NA,NA,NA,NA,NA,NA,NA,NA,NA,NA,NA,NA,NA,NA,NA,NA,NA,NA,NA,NA,NA,NA,NA,NA,NA,NA,NA,NA,NA,NA,NA,NA,NA,NA,NA,NA,NA,NA,NA,NA,NA,NA,NA,NA,NA,NA,NA,NA,NA,NA,NA,NA,NA,NA,NA
"gCSI_2019","MAE","143B","143B","Bone","Bone","bone","Osteosarcoma","Osteosarcoma","CVCL_2270","CVCL_2270","ACH-001001","Cancer cell line","Female","13Y",NA,"Cancer cell line",NA,3,TRUE,NA,FALSE,TRUE,TRUE,NA,NA,NA,NA,NA,NA,NA,NA,NA,NA,NA,NA,NA,NA,NA,"143B_3_2019","'143b','143 B','143B TK-','143B.TK-','143BTK-','143TK-','HOS-143B','HOS-143b','GM05887','GM05887A'","C9145","'143b','143 B','143B TK-','143B.TK-','143BTK-','143TK-','HOS-143B','HOS-143b','GM05887','GM05887A'","CVCL_2270","Osteosarcoma","C9145","Cancer cell line","ACH-001001","Female","13Y",NA,NA,NA,NA,NA,NA,NA,NA,NA,NA,NA,NA,NA,NA,NA,NA,NA,NA,NA,NA,NA,NA,NA,NA,NA,NA,NA,NA,NA,NA,NA,NA,NA,NA,NA,NA,NA,NA,NA,NA,NA,NA,NA,NA,NA,NA,NA,NA,NA,NA,NA,NA,NA,NA,NA,NA,NA,NA
"gCSI_2019","MAE","A-673","A-673","Bone","Bone","bone","Ewing sarcoma","Ewing sarcoma","CVCL_0080","CVCL_0080","ACH-000052","Cancer cell line","Female","15Y",NA,"Cancer cell line",NA,4,TRUE,NA,TRUE,TRUE,TRUE,NA,NA,NA,NA,NA,NA,NA,NA,NA,NA,NA,NA,NA,NA,NA,"A673_49_2019","'A673','RMS 1598','RMS1598'","C4817","'A673','RMS 1598','RMS1598'","CVCL_0080","Ewing sarcoma","C4817","Cancer cell line","ACH-000052","Female","15Y",NA,NA,NA,NA,NA,NA,NA,"-1.21569580222151","-1.1574780330068","-0.221373518604281","-0.31391439896664","-0.0820889349120519","-0.0733730826554443","-0.221721569641592","-0.397709417427313","-0.097260281777018","-0.276363090172696","-0.0518128226912211","-0.116484949428206","-0.143151421086038","-0.138202913917387","-0.147947381792332","-0.571807011477158","-0.193653860693474","15.7268774337408","-0.270708198281641","-0.240993923629225","-0.0733730826554443","-0.267848429945559","-0.0366126012969106","-0.204556290223048","-0.0899846616401001","-0.0899846616401001","-0.133084786269302","-0.733091370021862","-0.982434321308896","1.35260822593572",NA,NA,NA,NA,NA,NA,NA,NA,NA,NA,NA,NA,NA,NA,NA,NA,NA,NA,NA,NA,NA
"gCSI_2019","MAE","HT-1080","HT-1080","Soft Tissue","Soft Tissue","soft_tissue","Fibrosarcoma","Fibrosarcoma","CVCL_0317","CVCL_0317","ACH-000054","Cancer cell line","Male","35Y",NA,"Cancer cell line",NA,4,TRUE,NA,TRUE,TRUE,TRUE,NA,NA,NA,NA,NA,NA,NA,NA,NA,NA,NA,NA,NA,NA,NA,"HT1080_625_2019","'Ht-1080','HT 1080','HT1080','HT 1080.T'","C3043","'Ht-1080','HT 1080','HT1080','HT 1080.T'","CVCL_0317","Fibrosarcoma","C3043","Cancer cell line","ACH-000054","Male","35Y",NA,NA,NA,NA,NA,NA,NA,"-0.983778747634667","-1.3782554021834","-0.940303376284272","-0.31391439896664","-0.0820889349120519","-0.0733730826554443","-0.221721569641592","-0.397709417427313","-0.097260281777018","-0.276363090172696","-0.0518128226912211","-0.116484949428206","-0.143151421086038","-0.138202913917387","-0.147947381792332","1.74649750244654","-0.193653860693474","-0.0635001780635566","-0.270708198281641","-0.240993923629225","-0.0733730826554443","-0.267848429945559","-0.0366126012969106","-0.204556290223048","-0.0899846616401001","-0.0899846616401001","-0.133084786269302","1.36225790981074","-0.982434321308896","1.35260822593572",NA,NA,NA,NA,NA,NA,NA,NA,NA,NA,NA,NA,NA,NA,NA,NA,NA,NA,NA,NA,NA
"gCSI_2019","MAE","JJ012","JJ012","Bone","Bone","cartilage","Primary central chondrosarcoma","Primary central chondrosarcoma","CVCL_D605","CVCL_D605",NA,"Cancer cell line","Male","39Y",NA,"Cancer cell line",NA,3,TRUE,NA,FALSE,TRUE,TRUE,NA,NA,NA,NA,NA,NA,NA,NA,NA,NA,NA,NA,NA,NA,NA,"JJ012_705_2019","'JJO12','JJ'","C7155","'JJO12','JJ'","CVCL_D605","Primary central chondrosarcoma","C7155","Cancer cell line",NA,"Male","39Y",NA,NA,NA,NA,NA,NA,NA,NA,NA,NA,NA,NA,NA,NA,NA,NA,NA,NA,NA,NA,NA,NA,NA,NA,NA,NA,NA,NA,NA,NA,NA,NA,NA,NA,NA,NA,NA,NA,NA,NA,NA,NA,NA,NA,NA,NA,NA,NA,NA,NA,NA,NA,NA,NA,NA,NA,NA,NA
"gCSI_2019","MAE","MES-SA","MES-SA","Uterus","Soft Tissue","endometrium","Uterine corpus sarcoma","Uterine corpus sarcoma","CVCL_1404","CVCL_1404","ACH-000449","Cancer cell line","Female","56Y",NA,"Cancer cell line",NA,2,FALSE,NA,FALSE,TRUE,TRUE,NA,NA,NA,NA,NA,NA,NA,NA,NA,NA,NA,NA,NA,NA,NA,"MESSA_916_2019","'MESSA'","C6339","'MESSA'","CVCL_1404","Uterine corpus sarcoma","C6339","Cancer cell line","ACH-000449","Female","56Y",NA,NA,NA,NA,NA,NA,NA,NA,NA,NA,NA,NA,NA,NA,NA,NA,NA,NA,NA,NA,NA,NA,NA,NA,NA,NA,NA,NA,NA,NA,NA,NA,NA,NA,NA,NA,NA,NA,NA,NA,NA,NA,NA,NA,NA,NA,NA,NA,NA,NA,NA,NA,NA,NA,NA,NA,NA,NA
"gCSI_2019","MAE","MG-63","MG-63","Bone","Bone","bone","Osteosarcoma","Osteosarcoma","CVCL_0426","CVCL_0426","ACH-000359","Cancer cell line","Male","14Y"," Bone; left femur ","Cancer cell line",NA,4,TRUE,NA,TRUE,TRUE,TRUE,NA,NA,NA,NA,NA,NA,NA,NA,NA,NA,NA,NA,NA,NA,NA,"MG63_924_2019","'M-G63','MG63'","C9145","'M-G63','MG63'","CVCL_0426","Osteosarcoma","C9145","Cancer cell line","ACH-000359","Male","14Y"," Bone; left femur ",NA,NA,NA,NA,NA,NA,"-1.35098162127448","-0.642330838261391","-0.850027863901554","-0.31391439896664","12.1655801539661","-0.0733730826554443","-0.221721569641592","-0.397709417427313","-0.097260281777018","-0.276363090172696","-0.0518128226912211","-0.116484949428206","-0.143151421086038","-0.138202913917387","-0.147947381792332","-0.571807011477158","-0.193653860693474","-0.0635001780635566","-0.270708198281641","-0.240993923629225","-0.0733730826554443","-0.267848429945559","-0.0366126012969106","-0.204556290223048","-0.0899846616401001","-0.0899846616401001","-0.133084786269302","-0.733091370021862","-0.982434321308896","-0.738098397401473",NA,NA,NA,NA,NA,NA,NA,NA,NA,NA,NA,NA,NA,NA,NA,NA,NA,NA,NA,NA,NA
"gCSI_2019","MAE","MHH-ES-1","MHH-ES-1","Bone","Bone","bone","Ewing sarcoma","Ewing sarcoma","CVCL_1411","CVCL_1411","ACH-000391","Cancer cell line","Male","12Y"," Ascites ","Cancer cell line","TRUE",4,TRUE,NA,TRUE,TRUE,TRUE,NA,NA,NA,NA,NA,NA,NA,NA,NA,NA,NA,NA,NA,NA,NA,"MHHES1_928_2019","'MHH-ES1','MHHES1'","C4817","'MHH-ES1','MHHES1'","CVCL_1411","Ewing sarcoma","C4817","Cancer cell line","ACH-000391","Male","12Y"," Ascites ",NA,NA,NA,NA,NA,NA,"-0.984858872166305","-0.715923294653592","-0.407537528595587","-0.31391439896664","12.1655801539661","-0.0733730826554443","-0.221721569641592","-0.397709417427313","-0.097260281777018","-0.276363090172696","-0.0518128226912211","-0.116484949428206","-0.143151421086038","-0.138202913917387","-0.147947381792332","-0.571807011477158","-0.193653860693474","-0.0635001780635566","-0.270708198281641","-0.240993923629225","-0.0733730826554443","-0.267848429945559","-0.0366126012969106","-0.204556290223048","-0.0899846616401001","-0.0899846616401001","-0.133084786269302","-0.733091370021862","-0.982434321308896","-0.738098397401473",NA,NA,NA,NA,NA,NA,NA,NA,NA,NA,NA,NA,NA,NA,NA,NA,NA,NA,NA,NA,NA
"gCSI_2019","MAE","Rh30","Rh30","Soft Tissue","Soft Tissue","soft_tissue","Alveolar rhabdomyosarcoma","Alveolar rhabdomyosarcoma","CVCL_0041","CVCL_0041","ACH-000833","Cancer cell line","Male","17Y"," Bone marrow ","Cancer cell line","TRUE",3,TRUE,NA,FALSE,TRUE,TRUE,NA,NA,NA,NA,NA,NA,NA,NA,NA,NA,NA,NA,NA,NA,NA,"RH30_1312_2019","'RH30','RH-30','Rh-30','RH30SJ','SJRH-30','SJRH30','SJ-RH30','SJ-Rh 30','SJRH 30','SJCRH30','RC13','RMS-13, RMS 13','RMS13'","C3749","'RH30','RH-30','Rh-30','RH30SJ','SJRH-30','SJRH30','SJ-RH30','SJ-Rh 30','SJRH 30','SJCRH30','RC13','RMS-13, RMS 13','RMS13'","CVCL_0041","Alveolar rhabdomyosarcoma","C3749","Cancer cell line","ACH-000833","Male","17Y"," Bone marrow ",NA,NA,NA,NA,NA,NA,NA,NA,NA,NA,NA,NA,NA,NA,NA,NA,NA,NA,NA,NA,NA,NA,NA,NA,NA,NA,NA,NA,NA,NA,NA,NA,NA,NA,NA,NA,NA,NA,NA,NA,NA,NA,NA,NA,NA,NA,NA,NA,NA,NA,NA,NA,NA,NA,NA,NA,NA
"gCSI_2019","MAE","RKN","RKN","Soft Tissue","Soft Tissue","soft_tissue","Ovarian leiomyosarcoma","Ovarian leiomyosarcoma","CVCL_3156","CVCL_3156","ACH-000505","Cancer cell line","Female","45Y",NA,"Cancer cell line",NA,4,TRUE,NA,TRUE,TRUE,TRUE,NA,NA,NA,NA,NA,NA,NA,NA,NA,NA,NA,NA,NA,NA,NA,"RKN_1315_2019",NA,"C5234",NA,"CVCL_3156","Ovarian leiomyosarcoma","C5234","Cancer cell line","ACH-000505","Female","45Y",NA,NA,NA,NA,NA,NA,NA,"-1.20378045179091","-0.421553469084788","-0.831317913148659","-0.31391439896664","-0.0820889349120519","-0.0733730826554443","-0.221721569641592","-0.397709417427313","-0.097260281777018","-0.276363090172696","-0.0518128226912211","-0.116484949428206","-0.143151421086038","-0.138202913917387","-0.147947381792332","-0.571807011477158","-0.193653860693474","-0.0635001780635566","3.68906270207334","-0.240993923629225","-0.0733730826554443","-0.267848429945559","-0.0366126012969106","-0.204556290223048","-0.0899846616401001","-0.0899846616401001","-0.133084786269302","-0.733091370021862","1.01631136687127",NA,NA,NA,NA,NA,NA,NA,NA,NA,NA,NA,NA,NA,NA,NA,NA,NA,NA,NA,NA,NA,NA
"gCSI_2019","MAE","SJSA-1","SJSA-1","Bone","Bone","bone","Osteosarcoma","Osteosarcoma","CVCL_1697","CVCL_1697","ACH-000748","Cancer cell line","Male","19Y",NA,"Cancer cell line",NA,2,FALSE,NA,FALSE,TRUE,TRUE,NA,NA,NA,NA,NA,NA,NA,NA,NA,NA,NA,NA,NA,NA,NA,"SJSA1_1382_2019","'SJSA1','SJSA','OsA-CL','OSA-CL','OsACL','OSACL','Os-A','OSA','OsA'","C9145","'SJSA1','SJSA','OsA-CL','OSA-CL','OsACL','OSACL','Os-A','OSA','OsA'","CVCL_1697","Osteosarcoma","C9145","Cancer cell line","ACH-000748","Male","19Y",NA,NA,NA,NA,NA,NA,NA,NA,NA,NA,NA,NA,NA,NA,NA,NA,NA,NA,NA,NA,NA,NA,NA,NA,NA,NA,NA,NA,NA,NA,NA,NA,NA,NA,NA,NA,NA,NA,NA,NA,NA,NA,NA,NA,NA,NA,NA,NA,NA,NA,NA,NA,NA,NA,NA,NA,NA,NA
"gCSI_2019","MAE","SW982","SW982","Soft Tissue","Soft Tissue","soft_tissue","Biphasic synovial sarcoma","Biphasic synovial sarcoma","CVCL_1734","CVCL_1734","ACH-001274","Cancer cell line","Female","25Y",NA,"Cancer cell line",NA,3,TRUE,NA,FALSE,TRUE,TRUE,NA,NA,NA,NA,NA,NA,NA,NA,NA,NA,NA,NA,NA,NA,NA,"SW982_1552_2019","'SW-982','SW 982'","C4279","'SW-982','SW 982'","CVCL_1734","Biphasic synovial sarcoma","C4279","Cancer cell line","ACH-001274","Female","25Y",NA,NA,NA,NA,NA,NA,NA,"-1.12012004741951","0.0935937256606208","-0.542716922785253","-0.31391439896664","-0.0820889349120519","-0.0733730826554443","-0.221721569641592","2.51102808650186","-0.097260281777018","-0.276363090172696","-0.0518128226912211","-0.116484949428206","-0.143151421086038","-0.138202913917387","-0.147947381792332","-0.571807011477158","-0.193653860693474","-0.0635001780635566","-0.270708198281641","-0.240993923629225","-0.0733730826554443","-0.267848429945559","-0.0366126012969106","-0.204556290223048","-0.0899846616401001","-0.0899846616401001","-0.133084786269302","-0.733091370021862","-0.982434321308896","1.35260822593572",NA,NA,NA,NA,NA,NA,NA,NA,NA,NA,NA,NA,NA,NA,NA,NA,NA,NA,NA,NA,NA
"gCSI_2019","MAE","TC-71","TC-71","Bone","Bone","bone","Ewing sarcoma","Ewing sarcoma","CVCL_2213","CVCL_2213","ACH-000424","Cancer cell line","Male","22Y",NA,"Cancer cell line",NA,4,TRUE,NA,TRUE,TRUE,TRUE,NA,NA,NA,NA,NA,NA,NA,NA,NA,NA,NA,NA,NA,NA,NA,"TC71_1567_2019","'TC71','GM11654'","C4817","'TC71','GM11654'","CVCL_2213","Ewing sarcoma","C4817","Cancer cell line","ACH-000424","Male","22Y",NA,NA,NA,NA,NA,NA,NA,"-1.1261291834272","-1.74621768414441","-0.903818972316127","-0.31391439896664","12.1655801539661","-0.0733730826554443","-0.221721569641592","-0.397709417427313","-0.097260281777018","-0.276363090172696","-0.0518128226912211","-0.116484949428206","-0.143151421086038","-0.138202913917387","-0.147947381792332","-0.571807011477158","-0.193653860693474","-0.0635001780635566","-0.270708198281641","-0.240993923629225","-0.0733730826554443","-0.267848429945559","-0.0366126012969106","-0.204556290223048","-0.0899846616401001","-0.0899846616401001","-0.133084786269302","-0.733091370021862","-0.982434321308896","-0.738098397401473",NA,NA,NA,NA,NA,NA,NA,NA,NA,NA,NA,NA,NA,NA,NA,NA,NA,NA,NA,NA,NA
"gCSI_2019","MAE","U2OS","U2OS","Bone","Bone","bone","Osteosarcoma","Osteosarcoma","CVCL_0042","CVCL_0042","ACH-000364","Cancer cell line","Female","15Y",NA,"Cancer cell line",NA,3,TRUE,NA,FALSE,TRUE,TRUE,NA,NA,NA,NA,NA,NA,NA,NA,NA,NA,NA,NA,NA,NA,NA,"U2OS_1619_2019","'U-2 OS','U-2OS','U-2-OS','U2-OS','U20-S','U20S','2T'","C9145","'U-2 OS','U-2OS','U-2-OS','U2-OS','U20-S','U20S','2T'","CVCL_0042","Osteosarcoma","C9145","Cancer cell line","ACH-000364","Female","15Y",NA,NA,NA,NA,NA,NA,NA,NA,NA,NA,NA,NA,NA,NA,NA,NA,NA,NA,NA,NA,NA,NA,NA,NA,NA,NA,NA,NA,NA,NA,NA,NA,NA,NA,NA,NA,NA,NA,NA,NA,NA,NA,NA,NA,NA,NA,NA,NA,NA,NA,NA,NA,NA,NA,NA,NA,NA,NA
"GDSC_2020(v1-8.2)","MAE","143B","143B","Bone","Bone","bone","Osteosarcoma","Osteosarcoma","CVCL_2270","CVCL_2270","ACH-001001","Cancer cell line","Female","13Y",NA,"Cancer cell line",NA,3,TRUE,FALSE,FALSE,TRUE,TRUE,NA,NA,NA,NA,NA,NA,NA,NA,NA,NA,NA,NA,NA,NA,NA,"143B_3_2019","'143b','143 B','143B TK-','143B.TK-','143BTK-','143TK-','HOS-143B','HOS-143b','GM05887','GM05887A'","C9145","'143b','143 B','143B TK-','143B.TK-','143BTK-','143TK-','HOS-143B','HOS-143b','GM05887','GM05887A'","CVCL_2270","Osteosarcoma","C9145","Cancer cell line","ACH-001001","Female","13Y",NA,NA,NA,NA,NA,NA,NA,NA,NA,NA,NA,NA,NA,NA,NA,NA,NA,NA,NA,NA,NA,NA,NA,NA,NA,NA,NA,NA,NA,NA,NA,NA,NA,NA,NA,NA,NA,NA,NA,NA,NA,NA,NA,NA,NA,NA,NA,NA,NA,NA,NA,NA,NA,NA,NA,NA,NA,NA
"GDSC_2020(v1-8.2)","MAE","A-204","A-204","Soft Tissue","Soft Tissue","soft_tissue","Embryonal rhabdomyosarcoma","Embryonal rhabdomyosarcoma","CVCL_1058","CVCL_1058","ACH-000201","Cancer cell line","Female","1Y",NA,"Cancer cell line",NA,4,FALSE,TRUE,TRUE,TRUE,TRUE,NA,NA,NA,NA,NA,NA,NA,NA,NA,NA,NA,NA,NA,NA,NA,"A204_37_2019","'A204'","C8971","'A204'","CVCL_1058","Embryonal rhabdomyosarcoma","C8971","Cancer cell line","ACH-000201","Female","1Y",NA,NA,NA,NA,NA,NA,NA,NA,NA,NA,NA,NA,NA,NA,NA,NA,NA,NA,NA,NA,NA,NA,NA,NA,NA,NA,NA,NA,NA,NA,NA,NA,NA,NA,NA,NA,NA,"A204","soft_tissue","rhabdomyosarcoma",NA,"910784","Y","Y","Y","Y","Y","MSS/MSI-L","R","Adherent",NA,NA,NA,NA,NA,NA,NA,NA
"GDSC_2020(v1-8.2)","MAE","A-673","A-673","Bone","Bone","bone","Ewing sarcoma","Ewing sarcoma","CVCL_0080","CVCL_0080","ACH-000052","Cancer cell line","Female","15Y",NA,"Cancer cell line",NA,4,FALSE,TRUE,TRUE,TRUE,TRUE,NA,NA,NA,NA,NA,NA,NA,NA,NA,NA,NA,NA,NA,NA,NA,"A673_49_2019","'A673','RMS 1598','RMS1598'","C4817","'A673','RMS 1598','RMS1598'","CVCL_0080","Ewing sarcoma","C4817","Cancer cell line","ACH-000052","Female","15Y",NA,NA,NA,NA,NA,NA,NA,NA,NA,NA,NA,NA,NA,NA,NA,NA,NA,NA,NA,NA,NA,NA,NA,NA,NA,NA,NA,NA,NA,NA,NA,NA,NA,NA,NA,NA,NA,"A673","soft_tissue","rhabdomyosarcoma",NA,"684052","Y","Y","Y","Y","Y","MSS/MSI-L","D/F12","Adherent",NA,NA,NA,NA,NA,NA,NA,NA
"GDSC_2020(v1-8.2)","MAE","CADO-ES1","CADO-ES1","Bone","Bone","bone","Ewing sarcoma","Ewing sarcoma","CVCL_1103","CVCL_1103","ACH-000210","Cancer cell line","Female","19Y"," Pleural effusion ","Cancer cell line","TRUE",3,FALSE,TRUE,FALSE,TRUE,TRUE,NA,NA,NA,NA,NA,NA,NA,NA,NA,NA,NA,NA,NA,NA,NA,"CADOES1_162_2019","'CADO-ES-1','Cado-ES-1','CADO ES1','CADOES1','CADO-ES','Cado-ES','ESCADO1','Center for Adult Diseases Osaka-Ewing Sarcoma 1'","C4817","'CADO-ES-1','Cado-ES-1','CADO ES1','CADOES1','CADO-ES','Cado-ES','ESCADO1','Center for Adult Diseases Osaka-Ewing Sarcoma 1'","CVCL_1103","Ewing sarcoma","C4817","Cancer cell line","ACH-000210","Female","19Y"," Pleural effusion ",NA,NA,NA,NA,NA,NA,NA,NA,NA,NA,NA,NA,NA,NA,NA,NA,NA,NA,NA,NA,NA,NA,NA,NA,NA,NA,NA,NA,NA,NA,NA,NA,NA,NA,NA,NA,"CADO-ES1","bone","ewings_sarcoma",NA,"753539","Y","Y","Y","Y","Y","MSS/MSI-L","R","Suspension",NA,NA,NA,NA,NA,NA,NA,NA
"GDSC_2020(v1-8.2)","MAE","CAL-72","CAL-72","Bone","Bone","bone","Osteosarcoma","Osteosarcoma","CVCL_1113","CVCL_1113","ACH-001715","Cancer cell line","Male","10Y",NA,"Cancer cell line",NA,5,TRUE,TRUE,TRUE,TRUE,TRUE,NA,NA,NA,NA,NA,NA,NA,NA,NA,NA,NA,NA,NA,NA,NA,"CAL72_175_2019","'CAL 72','CAL72','Cal72','Centre Antoine Lacassagne-72'","C9145","'CAL 72','CAL72','Cal72','Centre Antoine Lacassagne-72'","CVCL_1113","Osteosarcoma","C9145","Cancer cell line","ACH-001715","Male","10Y",NA,NA,NA,NA,NA,NA,NA,NA,NA,NA,NA,NA,NA,NA,NA,NA,NA,NA,NA,NA,NA,NA,NA,NA,NA,NA,NA,NA,NA,NA,NA,NA,NA,NA,NA,NA,NA,"CAL-72","bone","osteosarcoma",NA,"906827","Y","Y","Y","Y","Y","MSS/MSI-L","D/F12","Adherent",NA,NA,NA,NA,NA,NA,NA,NA
"GDSC_2020(v1-8.2)","MAE","CAL-78","CAL-78","Bone","Bone","soft_tissue","Dedifferentiated chondrosarcoma","Dedifferentiated chondrosarcoma","CVCL_1809","CVCL_1809","ACH-000516","Cancer cell line","Male","76Y",NA,"Cancer cell line",NA,4,TRUE,TRUE,FALSE,TRUE,TRUE,NA,NA,NA,NA,NA,NA,NA,NA,NA,NA,NA,NA,NA,NA,NA,"CAL78_176_2019","'CAL 78','CAL78','Centre Antoine Lacassagne-78'","C6476","'CAL 78','CAL78','Centre Antoine Lacassagne-78'","CVCL_1809","Dedifferentiated chondrosarcoma","C6476","Cancer cell line","ACH-000516","Male","76Y",NA,NA,NA,NA,NA,NA,NA,NA,NA,NA,NA,NA,NA,NA,NA,NA,NA,NA,NA,NA,NA,NA,NA,NA,NA,NA,NA,NA,NA,NA,NA,NA,NA,NA,NA,NA,NA,"CAL-78","bone","chondrosarcoma",NA,"1290765","Y","Y","Y","Y","Y","MSS/MSI-L","R","Adherent",NA,NA,NA,NA,NA,NA,NA,NA
"GDSC_2020(v1-8.2)","MAE","CHSA0011","CHSA0011","Bone","Bone","bone","Chondrosarcoma","Chondrosarcoma","CVCL_X483","CVCL_X483","ACH-002092","Cancer cell line","Male",NA,NA,"Cancer cell line",NA,4,TRUE,TRUE,FALSE,TRUE,TRUE,NA,NA,NA,NA,NA,NA,NA,NA,NA,NA,NA,NA,NA,NA,NA,"CHSA0011_201_2019","'CHSA 0011'","C2946","'CHSA 0011'","CVCL_X483","Chondrosarcoma","C2946","Cancer cell line","ACH-002092","Male",NA,NA,NA,NA,NA,NA,NA,NA,NA,NA,NA,NA,NA,NA,NA,NA,NA,NA,NA,NA,NA,NA,NA,NA,NA,NA,NA,NA,NA,NA,NA,NA,NA,NA,NA,NA,NA,NA,"CHSA0011","bone","chondrosarcoma",NA,"1290767","Y","Y","Y","N","Y",NA,"R","Adherent",NA,NA,NA,NA,NA,NA,NA,NA
"GDSC_2020(v1-8.2)","MAE","CHSA0108","CHSA0108","Bone","Bone","bone","Chondrosarcoma","Chondrosarcoma","CVCL_X484","CVCL_X484","ACH-002093","Cancer cell line","Male",NA,NA,"Cancer cell line",NA,4,TRUE,TRUE,FALSE,TRUE,TRUE,NA,NA,NA,NA,NA,NA,NA,NA,NA,NA,NA,NA,NA,NA,NA,"CHSA0108_202_2019","'CHSA 0108'","C2946","'CHSA 0108'","CVCL_X484","Chondrosarcoma","C2946","Cancer cell line","ACH-002093","Male",NA,NA,NA,NA,NA,NA,NA,NA,NA,NA,NA,NA,NA,NA,NA,NA,NA,NA,NA,NA,NA,NA,NA,NA,NA,NA,NA,NA,NA,NA,NA,NA,NA,NA,NA,NA,NA,NA,"CHSA0108","bone","chondrosarcoma",NA,"1290768","Y","Y","Y","N","Y",NA,"R","Adherent",NA,NA,NA,NA,NA,NA,NA,NA
"GDSC_2020(v1-8.2)","MAE","CHSA8926","CHSA8926","Bone","Bone","other","Chondrosarcoma","Chondrosarcoma","CVCL_X485","CVCL_X485","ACH-002094","Cancer cell line","Male",NA,NA,"Cancer cell line",NA,4,TRUE,TRUE,FALSE,TRUE,TRUE,NA,NA,NA,NA,NA,NA,NA,NA,NA,NA,NA,NA,NA,NA,NA,"CHSA8926_203_2019","'CHSA 8926'","C2946","'CHSA 8926'","CVCL_X485","Chondrosarcoma","C2946","Cancer cell line","ACH-002094","Male",NA,NA,NA,NA,NA,NA,NA,NA,NA,NA,NA,NA,NA,NA,NA,NA,NA,NA,NA,NA,NA,NA,NA,NA,NA,NA,NA,NA,NA,NA,NA,NA,NA,NA,NA,NA,NA,NA,"CHSA8926","bone","chondrosarcoma",NA,"1303912","Y","Y","Y","Y","Y","MSS/MSI-L","R","Adherent",NA,NA,NA,NA,NA,NA,NA,NA
"GDSC_2020(v1-8.2)","MAE","CS-1 [Human chondrosarcoma]","CS-1 [Human chondrosarcoma]","Bone","Bone","bone","Chondrosarcoma","Chondrosarcoma","CVCL_T023","CVCL_T023","ACH-002099","Cancer cell line","Male","62Y",NA,"Cancer cell line",NA,4,TRUE,TRUE,FALSE,TRUE,TRUE,NA,NA,NA,NA,NA,NA,NA,NA,NA,NA,NA,NA,NA,NA,NA,"CS1_266_2019","'Cs-1','CS1','CHSA cell line'","C2946","'Cs-1','CS1','CHSA cell line'","CVCL_T023","Chondrosarcoma","C2946","Cancer cell line","ACH-002099","Male","62Y",NA,NA,NA,NA,NA,NA,NA,NA,NA,NA,NA,NA,NA,NA,NA,NA,NA,NA,NA,NA,NA,NA,NA,NA,NA,NA,NA,NA,NA,NA,NA,NA,NA,NA,NA,NA,NA,"CS1","bone","bone_other",NA,"1290795","Y","Y","Y","Y","Y","MSS/MSI-L","R","Adherent",NA,NA,NA,NA,NA,NA,NA,NA
"GDSC_2020(v1-8.2)","MAE","ES1","ES1","Bone","Bone","bone","Ewing sarcoma","Ewing sarcoma","CVCL_1198","CVCL_1198","ACH-002103","Cancer cell line","Female",NA,NA,"Cancer cell line",NA,5,TRUE,TRUE,TRUE,TRUE,TRUE,NA,NA,NA,NA,NA,NA,NA,NA,NA,NA,NA,NA,NA,NA,NA,"ES1_338_2019","'ES-1'","C4817","'ES-1'","CVCL_1198","Ewing sarcoma","C4817","Cancer cell line","ACH-002103","Female",NA,NA,NA,NA,NA,NA,NA,NA,NA,NA,NA,NA,NA,NA,NA,NA,NA,NA,NA,NA,NA,NA,NA,NA,NA,NA,NA,NA,NA,NA,NA,NA,NA,NA,NA,NA,NA,NA,"ES1","bone","ewings_sarcoma",NA,"949158","Y","Y","Y","Y","Y","MSS/MSI-L","R","Adherent",NA,NA,NA,NA,NA,NA,NA,NA
"GDSC_2020(v1-8.2)","MAE","ES3","ES3","Bone","Bone","bone","Ewing sarcoma","Ewing sarcoma","CVCL_1199","CVCL_1199","ACH-002104","Cancer cell line","Male",NA,NA,"Cancer cell line",NA,5,TRUE,TRUE,TRUE,TRUE,TRUE,NA,NA,NA,NA,NA,NA,NA,NA,NA,NA,NA,NA,NA,NA,NA,"ES3_339_2019","'ES-3'","C4817","'ES-3'","CVCL_1199","Ewing sarcoma","C4817","Cancer cell line","ACH-002104","Male",NA,NA,NA,NA,NA,NA,NA,NA,NA,NA,NA,NA,NA,NA,NA,NA,NA,NA,NA,NA,NA,NA,NA,NA,NA,NA,NA,NA,NA,NA,NA,NA,NA,NA,NA,NA,NA,NA,"ES3","bone","ewings_sarcoma",NA,"684055","Y","Y","Y","Y","Y","MSS/MSI-L","R","Adherent",NA,NA,NA,NA,NA,NA,NA,NA
"GDSC_2020(v1-8.2)","MAE","ES4","ES4","Bone","Bone","bone","Ewing sarcoma","Ewing sarcoma","CVCL_1200","CVCL_1200","ACH-002105","Cancer cell line","Male",NA,NA,"Cancer cell line",NA,5,TRUE,TRUE,TRUE,TRUE,TRUE,NA,NA,NA,NA,NA,NA,NA,NA,NA,NA,NA,NA,NA,NA,NA,"ES4_340_2019","'ES-4'","C4817","'ES-4'","CVCL_1200","Ewing sarcoma","C4817","Cancer cell line","ACH-002105","Male",NA,NA,NA,NA,NA,NA,NA,NA,NA,NA,NA,NA,NA,NA,NA,NA,NA,NA,NA,NA,NA,NA,NA,NA,NA,NA,NA,NA,NA,NA,NA,NA,NA,NA,NA,NA,NA,NA,"ES4","bone","ewings_sarcoma",NA,"949156","Y","Y","Y","Y","Y","MSS/MSI-L","R","Adherent",NA,NA,NA,NA,NA,NA,NA,NA
"GDSC_2020(v1-8.2)","MAE","ES5","ES5","Bone","Bone","bone","Ewing sarcoma","Ewing sarcoma","CVCL_1201","CVCL_1201","ACH-002106","Cancer cell line","Male",NA,NA,"Cancer cell line",NA,5,TRUE,TRUE,TRUE,TRUE,TRUE,NA,NA,NA,NA,NA,NA,NA,NA,NA,NA,NA,NA,NA,NA,NA,"ES5_341_2019",NA,"C4817",NA,"CVCL_1201","Ewing sarcoma","C4817","Cancer cell line","ACH-002106","Male",NA,NA,NA,NA,NA,NA,NA,NA,NA,NA,NA,NA,NA,NA,NA,NA,NA,NA,NA,NA,NA,NA,NA,NA,NA,NA,NA,NA,NA,NA,NA,NA,NA,NA,NA,NA,NA,NA,"ES5","bone","ewings_sarcoma",NA,"684057","Y","Y","Y","Y","Y","MSS/MSI-L","R","Adherent",NA,NA,NA,NA,NA,NA,NA,NA
"GDSC_2020(v1-8.2)","MAE","ES6","ES6","Bone","Bone","bone","Ewing sarcoma","Ewing sarcoma","CVCL_1202","CVCL_1202","ACH-002107","Cancer cell line","Male",NA,NA,"Cancer cell line",NA,5,TRUE,TRUE,TRUE,TRUE,TRUE,NA,NA,NA,NA,NA,NA,NA,NA,NA,NA,NA,NA,NA,NA,NA,"ES6_342_2019","'ES-6'","C4817","'ES-6'","CVCL_1202","Ewing sarcoma","C4817","Cancer cell line","ACH-002107","Male",NA,NA,NA,NA,NA,NA,NA,NA,NA,NA,NA,NA,NA,NA,NA,NA,NA,NA,NA,NA,NA,NA,NA,NA,NA,NA,NA,NA,NA,NA,NA,NA,NA,NA,NA,NA,NA,NA,"ES6","bone","ewings_sarcoma",NA,"949157","Y","Y","Y","N","Y","MSS/MSI-L","R","Adherent",NA,NA,NA,NA,NA,NA,NA,NA
"GDSC_2020(v1-8.2)","MAE","ES7","ES7","Bone","Bone","bone","Ewing sarcoma","Ewing sarcoma","CVCL_1203","CVCL_1203","ACH-002108","Cancer cell line","Male",NA,NA,"Cancer cell line",NA,5,TRUE,TRUE,TRUE,TRUE,TRUE,NA,NA,NA,NA,NA,NA,NA,NA,NA,NA,NA,NA,NA,NA,NA,"ES7_343_2019","'ES-7'","C4817","'ES-7'","CVCL_1203","Ewing sarcoma","C4817","Cancer cell line","ACH-002108","Male",NA,NA,NA,NA,NA,NA,NA,NA,NA,NA,NA,NA,NA,NA,NA,NA,NA,NA,NA,NA,NA,NA,NA,NA,NA,NA,NA,NA,NA,NA,NA,NA,NA,NA,NA,NA,NA,NA,"ES7","bone","ewings_sarcoma",NA,"684059","Y","Y","Y","Y","Y","MSS/MSI-L","R","Adherent",NA,NA,NA,NA,NA,NA,NA,NA
"GDSC_2020(v1-8.2)","MAE","ES8","ES8","Bone","Bone","bone","Ewing sarcoma","Ewing sarcoma","CVCL_1204","CVCL_1204","ACH-002109","Cancer cell line","Male",NA,NA,"Cancer cell line",NA,5,TRUE,TRUE,TRUE,TRUE,TRUE,NA,NA,NA,NA,NA,NA,NA,NA,NA,NA,NA,NA,NA,NA,NA,"ES8_344_2019","'ES-8'","C4817","'ES-8'","CVCL_1204","Ewing sarcoma","C4817","Cancer cell line","ACH-002109","Male",NA,NA,NA,NA,NA,NA,NA,NA,NA,NA,NA,NA,NA,NA,NA,NA,NA,NA,NA,NA,NA,NA,NA,NA,NA,NA,NA,NA,NA,NA,NA,NA,NA,NA,NA,NA,NA,NA,"ES8","bone","ewings_sarcoma",NA,"949155","Y","Y","Y","Y","Y","MSS/MSI-L","R","Adherent",NA,NA,NA,NA,NA,NA,NA,NA
"GDSC_2020(v1-8.2)","MAE","ESS-1","ESS-1","Uterus","Soft Tissue","endometrium","Endometrioid stromal sarcoma","Endometrioid stromal sarcoma","CVCL_1205","CVCL_1205","ACH-000913","Cancer cell line","Female","76Y",NA,"Cancer cell line",NA,4,FALSE,TRUE,TRUE,TRUE,TRUE,NA,NA,NA,NA,NA,NA,NA,NA,NA,NA,NA,NA,NA,NA,NA,"ESS1_347_2019","'ESS1','Endometrial Stromal Sarcoma-1'","C8973","'ESS1','Endometrial Stromal Sarcoma-1'","CVCL_1205","Endometrioid stromal sarcoma","C8973","Cancer cell line","ACH-000913","Female","76Y",NA,NA,NA,NA,NA,NA,NA,NA,NA,NA,NA,NA,NA,NA,NA,NA,NA,NA,NA,NA,NA,NA,NA,NA,NA,NA,NA,NA,NA,NA,NA,NA,NA,NA,NA,NA,NA,"ESS-1","urogenital_system","endometrium",NA,"907000","Y","Y","Y","Y","Y","MSS/MSI-L","R","Adherent",NA,NA,NA,NA,NA,NA,NA,NA
"GDSC_2020(v1-8.2)","MAE","EW-1","EW-1","Bone","Bone","bone","Ewing sarcoma","Ewing sarcoma","CVCL_1208","CVCL_1208","ACH-002110","Cancer cell line","Male","19Y"," Pleural effusion ","Cancer cell line","TRUE",5,TRUE,TRUE,TRUE,TRUE,TRUE,NA,NA,NA,NA,NA,NA,NA,NA,NA,NA,NA,NA,NA,NA,NA,"EW1_350_2019","'EW1','IARC-EW1','IARC-EW-1','IARC-EW 1'","C4817","'EW1','IARC-EW1','IARC-EW-1','IARC-EW 1'","CVCL_1208","Ewing sarcoma","C4817","Cancer cell line","ACH-002110","Male","19Y"," Pleural effusion ",NA,NA,NA,NA,NA,NA,NA,NA,NA,NA,NA,NA,NA,NA,NA,NA,NA,NA,NA,NA,NA,NA,NA,NA,NA,NA,NA,NA,NA,NA,NA,NA,NA,NA,NA,NA,"EW-1","bone","ewings_sarcoma",NA,"949163","Y","Y","Y","Y","Y","MSS/MSI-L","R","Semi-Adherent",NA,NA,NA,NA,NA,NA,NA,NA
"GDSC_2020(v1-8.2)","MAE","EW-11","EW-11","Bone","Bone","bone","Ewing sarcoma","Ewing sarcoma","CVCL_1209","CVCL_1209","ACH-002111","Cancer cell line","Female","11Y"," Mediastinal lymph node ","Cancer cell line","TRUE",5,TRUE,TRUE,TRUE,TRUE,TRUE,NA,NA,NA,NA,NA,NA,NA,NA,NA,NA,NA,NA,NA,NA,NA,"EW11_351_2019","'EW11','IARC-EW11','IARC-EW-11','IARC-EW 11'","C4817","'EW11','IARC-EW11','IARC-EW-11','IARC-EW 11'","CVCL_1209","Ewing sarcoma","C4817","Cancer cell line","ACH-002111","Female","11Y"," Mediastinal lymph node ",NA,NA,NA,NA,NA,NA,NA,NA,NA,NA,NA,NA,NA,NA,NA,NA,NA,NA,NA,NA,NA,NA,NA,NA,NA,NA,NA,NA,NA,NA,NA,NA,NA,NA,NA,NA,"EW-11","bone","ewings_sarcoma",NA,"684062","Y","Y","Y","Y","Y","MSS/MSI-L","R","Adherent",NA,NA,NA,NA,NA,NA,NA,NA
"GDSC_2020(v1-8.2)","MAE","EW-12","EW-12","Bone","Bone","bone","Ewing sarcoma","Ewing sarcoma","CVCL_1210","CVCL_1210","ACH-002112","Cancer cell line","Female","Age unspecified",NA,"Cancer cell line",NA,5,TRUE,TRUE,TRUE,TRUE,TRUE,NA,NA,NA,NA,NA,NA,NA,NA,NA,NA,NA,NA,NA,NA,NA,"EW12_352_2019","'EW12','IARC-EW12','IARC-EW-12','IARC-EW 12'","C4817","'EW12','IARC-EW12','IARC-EW-12','IARC-EW 12'","CVCL_1210","Ewing sarcoma","C4817","Cancer cell line","ACH-002112","Female","Age unspecified",NA,NA,NA,NA,NA,NA,NA,NA,NA,NA,NA,NA,NA,NA,NA,NA,NA,NA,NA,NA,NA,NA,NA,NA,NA,NA,NA,NA,NA,NA,NA,NA,NA,NA,NA,NA,NA,"EW-12","bone","ewings_sarcoma",NA,"949162","Y","Y","Y","Y","Y","MSS/MSI-L","R","Suspension",NA,NA,NA,NA,NA,NA,NA,NA
"GDSC_2020(v1-8.2)","MAE","EW-13","EW-13","Bone","Bone","bone","Ewing sarcoma","Ewing sarcoma","CVCL_1211","CVCL_1211","ACH-002113","Cancer cell line","Male","Age unspecified",NA,"Cancer cell line",NA,5,TRUE,TRUE,TRUE,TRUE,TRUE,NA,NA,NA,NA,NA,NA,NA,NA,NA,NA,NA,NA,NA,NA,NA,"EW13_353_2019","'EW13','IARC-EW13','IARC-EW-13','IARC-EW 13'","C4817","'EW13','IARC-EW13','IARC-EW-13','IARC-EW 13'","CVCL_1211","Ewing sarcoma","C4817","Cancer cell line","ACH-002113","Male","Age unspecified",NA,NA,NA,NA,NA,NA,NA,NA,NA,NA,NA,NA,NA,NA,NA,NA,NA,NA,NA,NA,NA,NA,NA,NA,NA,NA,NA,NA,NA,NA,NA,NA,NA,NA,NA,NA,NA,"EW-13","bone","ewings_sarcoma",NA,"949166","Y","Y","Y","Y","Y","MSS/MSI-L","R","Suspension",NA,NA,NA,NA,NA,NA,NA,NA
"GDSC_2020(v1-8.2)","MAE","EW-16","EW-16","Bone","Bone","bone","Ewing sarcoma","Ewing sarcoma","CVCL_1212","CVCL_1212","ACH-002114","Cancer cell line","Male","Age unspecified",NA,"Cancer cell line",NA,5,TRUE,TRUE,TRUE,TRUE,TRUE,NA,NA,NA,NA,NA,NA,NA,NA,NA,NA,NA,NA,NA,NA,NA,"EW16_354_2019","'EW16','IARC-EW16','IARC-EW-16','IARC-EW 16'","C4817","'EW16','IARC-EW16','IARC-EW-16','IARC-EW 16'","CVCL_1212","Ewing sarcoma","C4817","Cancer cell line","ACH-002114","Male","Age unspecified",NA,NA,NA,NA,NA,NA,NA,NA,NA,NA,NA,NA,NA,NA,NA,NA,NA,NA,NA,NA,NA,NA,NA,NA,NA,NA,NA,NA,NA,NA,NA,NA,NA,NA,NA,NA,NA,"EW-16","bone","ewings_sarcoma",NA,"949165","Y","Y","Y","Y","Y","MSS/MSI-L","R","Adherent",NA,NA,NA,NA,NA,NA,NA,NA
"GDSC_2020(v1-8.2)","MAE","EW-18","EW-18","Bone","Bone","bone","Ewing sarcoma","Ewing sarcoma","CVCL_1213","CVCL_1213","ACH-002115","Cancer cell line","Sex unspecified","Age unspecified",NA,"Cancer cell line",NA,5,TRUE,TRUE,TRUE,TRUE,TRUE,NA,NA,NA,NA,NA,NA,NA,NA,NA,NA,NA,NA,NA,NA,NA,"EW18_355_2019","'EW18','IARC-EW-18'","C4817","'EW18','IARC-EW-18'","CVCL_1213","Ewing sarcoma","C4817","Cancer cell line","ACH-002115","Sex unspecified","Age unspecified",NA,NA,NA,NA,NA,NA,NA,NA,NA,NA,NA,NA,NA,NA,NA,NA,NA,NA,NA,NA,NA,NA,NA,NA,NA,NA,NA,NA,NA,NA,NA,NA,NA,NA,NA,NA,NA,"EW-18","bone","ewings_sarcoma",NA,"949164","Y","Y","Y","Y","Y","MSS/MSI-L","R","Suspension",NA,NA,NA,NA,NA,NA,NA,NA
"GDSC_2020(v1-8.2)","MAE","EW-22","EW-22","Bone","Bone","bone","Ewing sarcoma","Ewing sarcoma","CVCL_1214","CVCL_1214","ACH-002116","Cancer cell line","Sex unspecified","Age unspecified",NA,"Cancer cell line",NA,5,TRUE,TRUE,TRUE,TRUE,TRUE,NA,NA,NA,NA,NA,NA,NA,NA,NA,NA,NA,NA,NA,NA,NA,"EW22_356_2019","'EW22','IARC-EW-22'","C4817","'EW22','IARC-EW-22'","CVCL_1214","Ewing sarcoma","C4817","Cancer cell line","ACH-002116","Sex unspecified","Age unspecified",NA,NA,NA,NA,NA,NA,NA,NA,NA,NA,NA,NA,NA,NA,NA,NA,NA,NA,NA,NA,NA,NA,NA,NA,NA,NA,NA,NA,NA,NA,NA,NA,NA,NA,NA,NA,NA,"EW-22","bone","ewings_sarcoma",NA,"949167","Y","Y","Y","Y","Y","MSS/MSI-L","R","Adherent",NA,NA,NA,NA,NA,NA,NA,NA
"GDSC_2020(v1-8.2)","MAE","EW-24","EW-24","Bone","Bone","bone","Ewing sarcoma","Ewing sarcoma","CVCL_1215","CVCL_1215","ACH-002117","Cancer cell line","Sex unspecified","Age unspecified",NA,"Cancer cell line",NA,5,TRUE,TRUE,TRUE,TRUE,TRUE,NA,NA,NA,NA,NA,NA,NA,NA,NA,NA,NA,NA,NA,NA,NA,"EW24_357_2019","'EW24','IARC-EW-24'","C4817","'EW24','IARC-EW-24'","CVCL_1215","Ewing sarcoma","C4817","Cancer cell line","ACH-002117","Sex unspecified","Age unspecified",NA,NA,NA,NA,NA,NA,NA,NA,NA,NA,NA,NA,NA,NA,NA,NA,NA,NA,NA,NA,NA,NA,NA,NA,NA,NA,NA,NA,NA,NA,NA,NA,NA,NA,NA,NA,NA,"EW-24","bone","ewings_sarcoma",NA,"949168","Y","Y","Y","Y","Y","MSS/MSI-L","R","Semi-Adherent",NA,NA,NA,NA,NA,NA,NA,NA
"GDSC_2020(v1-8.2)","MAE","EW-3","EW-3","Bone","Bone","bone","Ewing sarcoma","Ewing sarcoma","CVCL_1216","CVCL_1216","ACH-002118","Cancer cell line","Male","14Y"," Pleural effusion ","Cancer cell line","TRUE",5,TRUE,TRUE,TRUE,TRUE,TRUE,NA,NA,NA,NA,NA,NA,NA,NA,NA,NA,NA,NA,NA,NA,NA,"EW3_358_2019","'EW3','IARC-EW3','IARC-EW-3','IARC-EW 3'","C4817","'EW3','IARC-EW3','IARC-EW-3','IARC-EW 3'","CVCL_1216","Ewing sarcoma","C4817","Cancer cell line","ACH-002118","Male","14Y"," Pleural effusion ",NA,NA,NA,NA,NA,NA,NA,NA,NA,NA,NA,NA,NA,NA,NA,NA,NA,NA,NA,NA,NA,NA,NA,NA,NA,NA,NA,NA,NA,NA,NA,NA,NA,NA,NA,NA,"EW-3","bone","ewings_sarcoma",NA,"949161","Y","Y","Y","Y","Y","MSS/MSI-L","R","Adherent",NA,NA,NA,NA,NA,NA,NA,NA
"GDSC_2020(v1-8.2)","MAE","EW-7","EW-7","Bone","Bone","bone","Ewing sarcoma","Ewing sarcoma","CVCL_1217","CVCL_1217","ACH-002119","Cancer cell line","Female","20Y"," Pleural effusion ","Cancer cell line","TRUE",5,TRUE,TRUE,TRUE,TRUE,TRUE,NA,NA,NA,NA,NA,NA,NA,NA,NA,NA,NA,NA,NA,NA,NA,"EW7_359_2019","'EW7','IARC-EW7','IARC-EW-7','IARC-EW 7'","C4817","'EW7','IARC-EW7','IARC-EW-7','IARC-EW 7'","CVCL_1217","Ewing sarcoma","C4817","Cancer cell line","ACH-002119","Female","20Y"," Pleural effusion ",NA,NA,NA,NA,NA,NA,NA,NA,NA,NA,NA,NA,NA,NA,NA,NA,NA,NA,NA,NA,NA,NA,NA,NA,NA,NA,NA,NA,NA,NA,NA,NA,NA,NA,NA,NA,"EW-7","bone","ewings_sarcoma",NA,"949160","Y","Y","Y","Y","Y","MSS/MSI-L","R","Semi-Adherent",NA,NA,NA,NA,NA,NA,NA,NA
"GDSC_2020(v1-8.2)","MAE","G-292 clone A141B1","G-292 clone A141B1","Bone","Bone","bone","Osteosarcoma","Osteosarcoma","CVCL_2909","CVCL_2909","ACH-000082","Cancer cell line","Female","9Y",NA,"Cancer cell line",NA,3,FALSE,TRUE,FALSE,TRUE,TRUE,NA,NA,NA,NA,NA,NA,NA,NA,NA,NA,NA,NA,NA,NA,NA,"G292,cloneA141B1_372_2019","'G 292 Clone A 141B1','G-292, clone A141B1','G292CLONEA141B1','G-292','G292'","C9145","'G 292 Clone A 141B1','G-292, clone A141B1','G292CLONEA141B1','G-292','G292'","CVCL_2909","Osteosarcoma","C9145","Cancer cell line","ACH-000082","Female","9Y",NA,NA,NA,NA,NA,NA,NA,NA,NA,NA,NA,NA,NA,NA,NA,NA,NA,NA,NA,NA,NA,NA,NA,NA,NA,NA,NA,NA,NA,NA,NA,NA,NA,NA,NA,NA,NA,"G-292 Clone A141B1","bone","osteosarcoma",NA,"1290807","Y","Y","Y","Y","Y","MSS/MSI-L","R","Adherent",NA,NA,NA,NA,NA,NA,NA,NA
"GDSC_2020(v1-8.2)","MAE","GCT","GCT","Soft Tissue","Soft Tissue","soft_tissue","Undifferentiated pleomorphic sarcoma","Undifferentiated pleomorphic sarcoma","CVCL_1229","CVCL_1229","ACH-000835","Cancer cell line","Male","29Y"," Pleural effusion ","Cancer cell line","TRUE",4,FALSE,TRUE,TRUE,TRUE,TRUE,NA,NA,NA,NA,NA,NA,NA,NA,NA,NA,NA,NA,NA,NA,NA,"GCT_401_2019","'Giant Cell Tumor'","C4247","'Giant Cell Tumor'","CVCL_1229","Undifferentiated pleomorphic sarcoma","C4247","Cancer cell line","ACH-000835","Male","29Y"," Pleural effusion ",NA,NA,NA,NA,NA,NA,NA,NA,NA,NA,NA,NA,NA,NA,NA,NA,NA,NA,NA,NA,NA,NA,NA,NA,NA,NA,NA,NA,NA,NA,NA,NA,NA,NA,NA,NA,"GCT","soft_tissue","soft_tissue_other",NA,"906999","Y","Y","Y","Y","Y","MSS/MSI-L","R","Adherent",NA,NA,NA,NA,NA,NA,NA,NA
"GDSC_2020(v1-8.2)","MAE","H-EMC-SS","H-EMC-SS","Bone","Bone","bone","Chondrosarcoma","Extraskeletal myxoid chondrosarcoma","CVCL_1238","CVCL_1238","ACH-001519","Cancer cell line","Female","77Y",NA,"Cancer cell line",NA,5,TRUE,TRUE,TRUE,TRUE,TRUE,NA,NA,NA,NA,NA,NA,NA,NA,NA,NA,NA,NA,NA,NA,NA,"HEMCSS_419_2019","'HEMCSS','HEMC-SS'","C27502","'HEMCSS','HEMC-SS'","CVCL_1238","Extraskeletal myxoid chondrosarcoma","C27502","Cancer cell line","ACH-001519","Female","77Y",NA,NA,NA,NA,NA,NA,NA,NA,NA,NA,NA,NA,NA,NA,NA,NA,NA,NA,NA,NA,NA,NA,NA,NA,NA,NA,NA,NA,NA,NA,NA,NA,NA,NA,NA,NA,NA,"H-EMC-SS","bone","chondrosarcoma",NA,"907290","Y","Y","Y","Y","Y","MSS/MSI-L","D/F12","Adherent",NA,NA,NA,NA,NA,NA,NA,NA
"GDSC_2020(v1-8.2)","MAE","HOS","HOS","Bone","Bone","bone","Osteosarcoma","Osteosarcoma","CVCL_0312","CVCL_0312","ACH-000613","Cancer cell line","Female","13Y",NA,"Cancer cell line",NA,5,TRUE,TRUE,TRUE,TRUE,TRUE,NA,NA,NA,NA,NA,NA,NA,NA,NA,NA,NA,NA,NA,NA,NA,"HOS_563_2019",NA,"C9145",NA,"CVCL_0312","Osteosarcoma","C9145","Cancer cell line","ACH-000613","Female","13Y",NA,NA,NA,NA,NA,NA,NA,NA,NA,NA,NA,NA,NA,NA,NA,NA,NA,NA,NA,NA,NA,NA,NA,NA,NA,NA,NA,NA,NA,NA,NA,NA,NA,NA,NA,NA,NA,"HOS","bone","osteosarcoma",NA,"907060","Y","Y","Y","Y","Y","MSS/MSI-L","D/F12","Adherent",NA,NA,NA,NA,NA,NA,NA,NA
"GDSC_2020(v1-8.2)","MAE","Hs 633.T","Hs 633.T","Soft Tissue","Soft Tissue","misc","Fibrosarcoma","Fibrosarcoma","CVCL_0832","CVCL_0832","ACH-002246","Cancer cell line","Female","25Y",NA,"Cancer cell line",NA,4,TRUE,TRUE,FALSE,TRUE,TRUE,NA,NA,NA,NA,NA,NA,NA,NA,NA,NA,NA,NA,NA,NA,NA,"Hs633T_615_2019","'Hs-633-T','Hs 633T','HS 633T','HS-633T','Hs633T','MBA/8387','MB 8387','8387','Line 8387','HS 8387'","C3043","'Hs-633-T','Hs 633T','HS 633T','HS-633T','Hs633T','MBA/8387','MB 8387','8387','Line 8387','HS 8387'","CVCL_0832","Fibrosarcoma","C3043","Cancer cell line","ACH-002246","Female","25Y",NA,NA,NA,NA,NA,NA,NA,NA,NA,NA,NA,NA,NA,NA,NA,NA,NA,NA,NA,NA,NA,NA,NA,NA,NA,NA,NA,NA,NA,NA,NA,NA,NA,NA,NA,NA,NA,"Hs633T","soft_tissue","fibrosarcoma",NA,"1240149","Y","N","Y","Y","Y","MSS/MSI-L","D/F12","Adherent",NA,NA,NA,NA,NA,NA,NA,NA
"GDSC_2020(v1-8.2)","MAE","HT-1080","HT-1080","Soft Tissue","Soft Tissue","soft_tissue","Fibrosarcoma","Fibrosarcoma","CVCL_0317","CVCL_0317","ACH-000054","Cancer cell line","Male","35Y",NA,"Cancer cell line",NA,4,FALSE,TRUE,TRUE,TRUE,TRUE,NA,NA,NA,NA,NA,NA,NA,NA,NA,NA,NA,NA,NA,NA,NA,"HT1080_625_2019","'Ht-1080','HT 1080','HT1080','HT 1080.T'","C3043","'Ht-1080','HT 1080','HT1080','HT 1080.T'","CVCL_0317","Fibrosarcoma","C3043","Cancer cell line","ACH-000054","Male","35Y",NA,NA,NA,NA,NA,NA,NA,NA,NA,NA,NA,NA,NA,NA,NA,NA,NA,NA,NA,NA,NA,NA,NA,NA,NA,NA,NA,NA,NA,NA,NA,NA,NA,NA,NA,NA,NA,"HT-1080","soft_tissue","fibrosarcoma",NA,"907064","Y","Y","Y","Y","Y","MSS/MSI-L","D/F12","Adherent",NA,NA,NA,NA,NA,NA,NA,NA
"GDSC_2020(v1-8.2)","MAE","HuO-3N1","HuO-3N1","Bone","Bone","bone","Osteosarcoma","Osteosarcoma","CVCL_1297","CVCL_1297","ACH-002142","Cancer cell line","Female","15Y",NA,"Cancer cell line",NA,5,TRUE,TRUE,TRUE,TRUE,TRUE,NA,NA,NA,NA,NA,NA,NA,NA,NA,NA,NA,NA,NA,NA,NA,"HuO3N1_642_2019","'HuO3N1','HUO3N1'","C9145","'HuO3N1','HUO3N1'","CVCL_1297","Osteosarcoma","C9145","Cancer cell line","ACH-002142","Female","15Y",NA,NA,NA,NA,NA,NA,NA,NA,NA,NA,NA,NA,NA,NA,NA,NA,NA,NA,NA,NA,NA,NA,NA,NA,NA,NA,NA,NA,NA,NA,NA,NA,NA,NA,NA,NA,NA,"HuO-3N1","bone","osteosarcoma",NA,"909977","Y","Y","Y","Y","Y","MSS/MSI-L","R","Adherent",NA,NA,NA,NA,NA,NA,NA,NA
"GDSC_2020(v1-8.2)","MAE","HuO9","HuO9","Bone","Bone","bone","Osteosarcoma","Osteosarcoma","CVCL_1298","CVCL_1298","ACH-001526","Cancer cell line","Female","13Y",NA,"Cancer cell line",NA,5,TRUE,TRUE,TRUE,TRUE,TRUE,NA,NA,NA,NA,NA,NA,NA,NA,NA,NA,NA,NA,NA,NA,NA,"HuO9_643_2019","'Huo9','HUO9','Hu09'","C9145","'Huo9','HUO9','Hu09'","CVCL_1298","Osteosarcoma","C9145","Cancer cell line","ACH-001526","Female","13Y",NA,NA,NA,NA,NA,NA,NA,NA,NA,NA,NA,NA,NA,NA,NA,NA,NA,NA,NA,NA,NA,NA,NA,NA,NA,NA,NA,NA,NA,NA,NA,NA,NA,NA,NA,NA,NA,"HuO9","bone","osteosarcoma",NA,"907072","Y","Y","Y","Y","Y","MSS/MSI-L","R","Adherent",NA,NA,NA,NA,NA,NA,NA,NA
"GDSC_2020(v1-8.2)","MAE","KPD","KPD","Bone","Bone","bone","Osteosarcoma","Osteosarcoma","CVCL_B412","CVCL_B412",NA,"Cancer cell line","Male","8Y",NA,"Cancer cell line",NA,3,TRUE,FALSE,FALSE,TRUE,TRUE,NA,NA,NA,NA,NA,NA,NA,NA,NA,NA,NA,NA,NA,NA,NA,"KPD9352021_","'KPDXM'","C9145","'KPDXM'","CVCL_B412","Osteosarcoma","C9145","Cancer cell line",NA,"Male","8Y",NA,NA,NA,NA,NA,NA,NA,NA,NA,NA,NA,NA,NA,NA,NA,NA,NA,NA,NA,NA,NA,NA,NA,NA,NA,NA,NA,NA,NA,NA,NA,NA,NA,NA,NA,NA,NA,NA,NA,NA,NA,NA,NA,NA,NA,NA,NA,NA,NA,NA,NA,NA,NA,NA,NA,NA,NA,NA
"GDSC_2020(v1-8.2)","MAE","KYM-1","KYM-1","Soft Tissue","Soft Tissue","soft_tissue","Alveolar rhabdomyosarcoma","Embryonal rhabdomyosarcoma","CVCL_3007","CVCL_3007","ACH-000607","Cancer cell line","Male","9M",NA,"Cancer cell line",NA,3,FALSE,TRUE,FALSE,TRUE,TRUE,NA,NA,NA,NA,NA,NA,NA,NA,NA,NA,NA,NA,NA,NA,NA,"KYM1_799_2019","'Kym-1','KYM1'","C8971","'Kym-1','KYM1'","CVCL_3007","Embryonal rhabdomyosarcoma","C8971","Cancer cell line","ACH-000607","Male","9M",NA,NA,NA,NA,NA,NA,NA,NA,NA,NA,NA,NA,NA,NA,NA,NA,NA,NA,NA,NA,NA,NA,NA,NA,NA,NA,NA,NA,NA,NA,NA,NA,NA,NA,NA,NA,NA,"KYM-1","soft_tissue","rhabdomyosarcoma",NA,"1240166","Y","Y","Y","Y","Y","MSS/MSI-L","D/F12","Adherent",NA,NA,NA,NA,NA,NA,NA,NA
"GDSC_2020(v1-8.2)","MAE","MES-SA","MES-SA","Uterus","Soft Tissue","endometrium","Uterine corpus sarcoma","Uterine corpus sarcoma","CVCL_1404","CVCL_1404","ACH-000449","Cancer cell line","Female","56Y",NA,"Cancer cell line",NA,4,FALSE,TRUE,TRUE,TRUE,TRUE,NA,NA,NA,NA,NA,NA,NA,NA,NA,NA,NA,NA,NA,NA,NA,"MESSA_916_2019","'MESSA'","C6339","'MESSA'","CVCL_1404","Uterine corpus sarcoma","C6339","Cancer cell line","ACH-000449","Female","56Y",NA,NA,NA,NA,NA,NA,NA,NA,NA,NA,NA,NA,NA,NA,NA,NA,NA,NA,NA,NA,NA,NA,NA,NA,NA,NA,NA,NA,NA,NA,NA,NA,NA,NA,NA,NA,NA,"MES-SA","urogenital_system","uterus",NA,"908127","Y","Y","Y","Y","Y","MSS/MSI-L","R","Adherent",NA,NA,NA,NA,NA,NA,NA,NA
"GDSC_2020(v1-8.2)","MAE","MFH-ino","MFH-ino","Soft Tissue","Soft Tissue","soft_tissue","Undifferentiated pleomorphic sarcoma","Undifferentiated pleomorphic sarcoma","CVCL_1407","CVCL_1407","ACH-002271","Cancer cell line","Female","45Y",NA,"Cancer cell line",NA,5,TRUE,TRUE,TRUE,TRUE,TRUE,NA,NA,NA,NA,NA,NA,NA,NA,NA,NA,NA,NA,NA,NA,NA,"MFHino_922_2019","'MFH-INO','MFHINO'","C4247","'MFH-INO','MFHINO'","CVCL_1407","Undifferentiated pleomorphic sarcoma","C4247","Cancer cell line","ACH-002271","Female","45Y",NA,NA,NA,NA,NA,NA,NA,NA,NA,NA,NA,NA,NA,NA,NA,NA,NA,NA,NA,NA,NA,NA,NA,NA,NA,NA,NA,NA,NA,NA,NA,NA,NA,NA,NA,NA,NA,"MFH-ino","soft_tissue","soft_tissue_other",NA,"925343","Y","Y","Y","Y","Y","MSS/MSI-L","D/F12","Adherent",NA,NA,NA,NA,NA,NA,NA,NA
"GDSC_2020(v1-8.2)","MAE","MG-63","MG-63","Bone","Bone","bone","Osteosarcoma","Osteosarcoma","CVCL_0426","CVCL_0426","ACH-000359","Cancer cell line","Male","14Y"," Bone; left femur ","Cancer cell line",NA,4,FALSE,TRUE,TRUE,TRUE,TRUE,NA,NA,NA,NA,NA,NA,NA,NA,NA,NA,NA,NA,NA,NA,NA,"MG63_924_2019","'M-G63','MG63'","C9145","'M-G63','MG63'","CVCL_0426","Osteosarcoma","C9145","Cancer cell line","ACH-000359","Male","14Y"," Bone; left femur ",NA,NA,NA,NA,NA,NA,NA,NA,NA,NA,NA,NA,NA,NA,NA,NA,NA,NA,NA,NA,NA,NA,NA,NA,NA,NA,NA,NA,NA,NA,NA,NA,NA,NA,NA,NA,"MG-63","bone","osteosarcoma",NA,"908131","Y","Y","Y","Y","Y","MSS/MSI-L","D/F12","Adherent",NA,NA,NA,NA,NA,NA,NA,NA
"GDSC_2020(v1-8.2)","MAE","MHH-ES-1","MHH-ES-1","Bone","Bone","bone","Ewing sarcoma","Ewing sarcoma","CVCL_1411","CVCL_1411","ACH-000391","Cancer cell line","Male","12Y"," Ascites ","Cancer cell line","TRUE",3,FALSE,FALSE,TRUE,TRUE,TRUE,NA,NA,NA,NA,NA,NA,NA,NA,NA,NA,NA,NA,NA,NA,NA,"MHHES1_928_2019","'MHH-ES1','MHHES1'","C4817","'MHH-ES1','MHHES1'","CVCL_1411","Ewing sarcoma","C4817","Cancer cell line","ACH-000391","Male","12Y"," Ascites ",NA,NA,NA,NA,NA,NA,NA,NA,NA,NA,NA,NA,NA,NA,NA,NA,NA,NA,NA,NA,NA,NA,NA,NA,NA,NA,NA,NA,NA,NA,NA,NA,NA,NA,NA,NA,"MHH-ES-1","bone","ewings_sarcoma",NA,"908134","Y","Y","N","Y","Y","MSS/MSI-L","R","Adherent",NA,NA,NA,NA,NA,NA,NA,NA
"GDSC_2020(v1-8.2)","MAE","MHM","MHM","Bone","Bone","bone","Osteosarcoma","Osteosarcoma","CVCL_B426","CVCL_B426",NA,"Cancer cell line","Female","41Y",NA,"Cancer cell line",NA,3,TRUE,FALSE,FALSE,TRUE,TRUE,NA,NA,NA,NA,NA,NA,NA,NA,NA,NA,NA,NA,NA,NA,NA,"MHM11282021_","'MHMX'","C9145","'MHMX'","CVCL_B426","Osteosarcoma","C9145","Cancer cell line",NA,"Female","41Y",NA,NA,NA,NA,NA,NA,NA,NA,NA,NA,NA,NA,NA,NA,NA,NA,NA,NA,NA,NA,NA,NA,NA,NA,NA,NA,NA,NA,NA,NA,NA,NA,NA,NA,NA,NA,NA,NA,NA,NA,NA,NA,NA,NA,NA,NA,NA,NA,NA,NA,NA,NA,NA,NA,NA,NA,NA,NA
"GDSC_2020(v1-8.2)","MAE","NOS-1 [Human osteosarcoma]","NOS-1 [Human osteosarcoma]","Bone","Bone","bone","Osteosarcoma","Osteosarcoma","CVCL_1610","CVCL_1610","ACH-002067","Cancer cell line","Male","16Y",NA,"Cancer cell line",NA,5,TRUE,TRUE,TRUE,TRUE,TRUE,NA,NA,NA,NA,NA,NA,NA,NA,NA,NA,NA,NA,NA,NA,NA,"NOS1_1166_2019","'NOS1'","C9145","'NOS1'","CVCL_1610","Osteosarcoma","C9145","Cancer cell line","ACH-002067","Male","16Y",NA,NA,NA,NA,NA,NA,NA,NA,NA,NA,NA,NA,NA,NA,NA,NA,NA,NA,NA,NA,NA,NA,NA,NA,NA,NA,NA,NA,NA,NA,NA,NA,NA,NA,NA,NA,NA,"NOS-1","bone","osteosarcoma",NA,"925345","Y","Y","Y","Y","Y","MSS/MSI-L","R","Adherent",NA,NA,NA,NA,NA,NA,NA,NA
"GDSC_2020(v1-8.2)","MAE","NY","NY","Bone","Bone","bone","Osteosarcoma","Osteosarcoma","CVCL_1613","CVCL_1613","ACH-002178","Cancer cell line","Male","15Y",NA,"Cancer cell line",NA,5,TRUE,TRUE,TRUE,TRUE,TRUE,NA,NA,NA,NA,NA,NA,NA,NA,NA,NA,NA,NA,NA,NA,NA,"NY_1175_2019",NA,"C9145",NA,"CVCL_1613","Osteosarcoma","C9145","Cancer cell line","ACH-002178","Male","15Y",NA,NA,NA,NA,NA,NA,NA,NA,NA,NA,NA,NA,NA,NA,NA,NA,NA,NA,NA,NA,NA,NA,NA,NA,NA,NA,NA,NA,NA,NA,NA,NA,NA,NA,NA,NA,NA,"NY","bone","osteosarcoma",NA,"910849","Y","Y","Y","Y","Y","MSS/MSI-L","D/F12","Adherent",NA,NA,NA,NA,NA,NA,NA,NA
"GDSC_2020(v1-8.2)","MAE","OHS","OHS","Bone","Bone","bone","Osteosarcoma","Osteosarcoma","CVCL_B450","CVCL_B450",NA,"Cancer cell line","Male","14Y",NA,"Cancer cell line",NA,3,TRUE,FALSE,FALSE,TRUE,TRUE,NA,NA,NA,NA,NA,NA,NA,NA,NA,NA,NA,NA,NA,NA,NA,"OHS15012021_","'OHSX','OHS/X','OHS-50','OHS-50T'","C9145","'OHSX','OHS/X','OHS-50','OHS-50T'","CVCL_B450","Osteosarcoma","C9145","Cancer cell line",NA,"Male","14Y",NA,NA,NA,NA,NA,NA,NA,NA,NA,NA,NA,NA,NA,NA,NA,NA,NA,NA,NA,NA,NA,NA,NA,NA,NA,NA,NA,NA,NA,NA,NA,NA,NA,NA,NA,NA,NA,NA,NA,NA,NA,NA,NA,NA,NA,NA,NA,NA,NA,NA,NA,NA,NA,NA,NA,NA,NA,NA
"GDSC_2020(v1-8.2)","MAE","RD","RD","Soft Tissue","Soft Tissue","soft_tissue","Embryonal rhabdomyosarcoma","Embryonal rhabdomyosarcoma","CVCL_1649","CVCL_1649","ACH-000169","Cancer cell line","Female","7Y",NA,"Cancer cell line",NA,4,FALSE,TRUE,TRUE,TRUE,TRUE,NA,NA,NA,NA,NA,NA,NA,NA,NA,NA,NA,NA,NA,NA,NA,"RD_1296_2019","'R D','RD-2','RD 2','130T','130-T','130 T','TE-32','TE 32','TE32','TE 32.T','Te 32.T'","C8971","'R D','RD-2','RD 2','130T','130-T','130 T','TE-32','TE 32','TE32','TE 32.T','Te 32.T'","CVCL_1649","Embryonal rhabdomyosarcoma","C8971","Cancer cell line","ACH-000169","Female","7Y",NA,NA,NA,NA,NA,NA,NA,NA,NA,NA,NA,NA,NA,NA,NA,NA,NA,NA,NA,NA,NA,NA,NA,NA,NA,NA,NA,NA,NA,NA,NA,NA,NA,NA,NA,NA,NA,"RD","soft_tissue","rhabdomyosarcoma",NA,"909264","Y","Y","Y","Y","Y","MSS/MSI-L","D/F12","Adherent",NA,NA,NA,NA,NA,NA,NA,NA
"GDSC_2020(v1-8.2)","MAE","Rh1","Rh1","Bone","Bone","soft_tissue","Ewing sarcoma","Ewing sarcoma","CVCL_1658","CVCL_1658","ACH-002194","Cancer cell line","Male",NA," Bone marrow ","Cancer cell line","TRUE",5,TRUE,TRUE,TRUE,TRUE,TRUE,NA,NA,NA,NA,NA,NA,NA,NA,NA,NA,NA,NA,NA,NA,NA,"RH1_1310_2019","'RH1','RH-1','Rh-1','SJRH-1','SJRH1'","C4817","'RH1','RH-1','Rh-1','SJRH-1','SJRH1'","CVCL_1658","Ewing sarcoma","C4817","Cancer cell line","ACH-002194","Male",NA," Bone marrow ",NA,NA,NA,NA,NA,NA,NA,NA,NA,NA,NA,NA,NA,NA,NA,NA,NA,NA,NA,NA,NA,NA,NA,NA,NA,NA,NA,NA,NA,NA,NA,NA,NA,NA,NA,NA,"RH-1","soft_tissue","rhabdomyosarcoma",NA,"971773","Y","Y","Y","Y","Y","MSS/MSI-L","R","Adherent",NA,NA,NA,NA,NA,NA,NA,NA
"GDSC_2020(v1-8.2)","MAE","Rh18","Rh18","Soft Tissue","Soft Tissue","soft_tissue","Alveolar rhabdomyosarcoma","Alveolar rhabdomyosarcoma","CVCL_1659","CVCL_1659","ACH-000689","Cancer cell line","Female","2Y",NA,"Cancer cell line",NA,4,FALSE,TRUE,TRUE,TRUE,TRUE,NA,NA,NA,NA,NA,NA,NA,NA,NA,NA,NA,NA,NA,NA,NA,"RH18_1311_2019","'RH18','RH-18','Rh-18','Rh 18','SJRH-18','SJRH18'","C3749","'RH18','RH-18','Rh-18','Rh 18','SJRH-18','SJRH18'","CVCL_1659","Alveolar rhabdomyosarcoma","C3749","Cancer cell line","ACH-000689","Female","2Y",NA,NA,NA,NA,NA,NA,NA,NA,NA,NA,NA,NA,NA,NA,NA,NA,NA,NA,NA,NA,NA,NA,NA,NA,NA,NA,NA,NA,NA,NA,NA,NA,NA,NA,NA,NA,NA,"RH-18","soft_tissue","rhabdomyosarcoma",NA,"971774","Y","Y","Y","Y","Y","MSS/MSI-L","R","Adherent",NA,NA,NA,NA,NA,NA,NA,NA
"GDSC_2020(v1-8.2)","MAE","Rh30","Rh30","Soft Tissue","Soft Tissue","soft_tissue","Alveolar rhabdomyosarcoma","Alveolar rhabdomyosarcoma","CVCL_0041","CVCL_0041","ACH-000833","Cancer cell line","Male","17Y"," Bone marrow ","Cancer cell line","TRUE",5,TRUE,TRUE,TRUE,TRUE,TRUE,NA,NA,NA,NA,NA,NA,NA,NA,NA,NA,NA,NA,NA,NA,NA,"RH30_1312_2019","'RH30','RH-30','Rh-30','RH30SJ','SJRH-30','SJRH30','SJ-RH30','SJ-Rh 30','SJRH 30','SJCRH30','RC13','RMS-13, RMS 13','RMS13'","C3749","'RH30','RH-30','Rh-30','RH30SJ','SJRH-30','SJRH30','SJ-RH30','SJ-Rh 30','SJRH 30','SJCRH30','RC13','RMS-13, RMS 13','RMS13'","CVCL_0041","Alveolar rhabdomyosarcoma","C3749","Cancer cell line","ACH-000833","Male","17Y"," Bone marrow ",NA,NA,NA,NA,NA,NA,NA,NA,NA,NA,NA,NA,NA,NA,NA,NA,NA,NA,NA,NA,NA,NA,NA,NA,NA,NA,NA,NA,NA,NA,NA,NA,NA,NA,NA,NA,"SJRH30","soft_tissue","rhabdomyosarcoma",NA,"909716","Y","Y","Y","Y","Y","MSS/MSI-L","R","Adherent",NA,NA,NA,NA,NA,NA,NA,NA
"GDSC_2020(v1-8.2)","MAE","Rh41","Rh41","Soft Tissue","Soft Tissue","soft_tissue","Alveolar rhabdomyosarcoma","Alveolar rhabdomyosarcoma","CVCL_2176","CVCL_2176","ACH-000100","Cancer cell line","Female","7Y",NA,"Cancer cell line",NA,3,FALSE,TRUE,FALSE,TRUE,TRUE,NA,NA,NA,NA,NA,NA,NA,NA,NA,NA,NA,NA,NA,NA,NA,"RH41_1313_2019","'RH41','RH-41','Rh-41','SJ-Rh41'","C3749","'RH41','RH-41','Rh-41','SJ-Rh41'","CVCL_2176","Alveolar rhabdomyosarcoma","C3749","Cancer cell line","ACH-000100","Female","7Y",NA,NA,NA,NA,NA,NA,NA,NA,NA,NA,NA,NA,NA,NA,NA,NA,NA,NA,NA,NA,NA,NA,NA,NA,NA,NA,NA,NA,NA,NA,NA,NA,NA,NA,NA,NA,NA,"RH-41","soft_tissue","rhabdomyosarcoma",NA,"1240210","Y","Y","Y","Y","Y","MSS/MSI-L","R","Adherent",NA,NA,NA,NA,NA,NA,NA,NA
"GDSC_2020(v1-8.2)","MAE","RKN","RKN","Soft Tissue","Soft Tissue","soft_tissue","Ovarian leiomyosarcoma","Ovarian leiomyosarcoma","CVCL_3156","CVCL_3156","ACH-000505","Cancer cell line","Female","45Y",NA,"Cancer cell line",NA,3,FALSE,TRUE,FALSE,TRUE,TRUE,NA,NA,NA,NA,NA,NA,NA,NA,NA,NA,NA,NA,NA,NA,NA,"RKN_1315_2019",NA,"C5234",NA,"CVCL_3156","Ovarian leiomyosarcoma","C5234","Cancer cell line","ACH-000505","Female","45Y",NA,NA,NA,NA,NA,NA,NA,NA,NA,NA,NA,NA,NA,NA,NA,NA,NA,NA,NA,NA,NA,NA,NA,NA,NA,NA,NA,NA,NA,NA,NA,NA,NA,NA,NA,NA,NA,"RKN","urogenital_system","ovary",NA,"1298539","Y","Y","Y","Y","Y","MSS/MSI-L","D/F12","Adherent",NA,NA,NA,NA,NA,NA,NA,NA
"GDSC_2020(v1-8.2)","MAE","SaOS-2","SaOS-2","Bone","Bone","bone","Osteosarcoma","Osteosarcoma","CVCL_0548","CVCL_0548","ACH-000410","Cancer cell line","Female","11Y",NA,"Cancer cell line",NA,4,FALSE,TRUE,TRUE,TRUE,TRUE,NA,NA,NA,NA,NA,NA,NA,NA,NA,NA,NA,NA,NA,NA,NA,"Saos2_1343_2019","'SAOS-2','Saos-2','SAOS 2','Saos 2','Saos2','SaOs2','SAOS2','Sarcoma OSteogenic-2','SaOS','SAOS'","C9145","'SAOS-2','Saos-2','SAOS 2','Saos 2','Saos2','SaOs2','SAOS2','Sarcoma OSteogenic-2','SaOS','SAOS'","CVCL_0548","Osteosarcoma","C9145","Cancer cell line","ACH-000410","Female","11Y",NA,NA,NA,NA,NA,NA,NA,NA,NA,NA,NA,NA,NA,NA,NA,NA,NA,NA,NA,NA,NA,NA,NA,NA,NA,NA,NA,NA,NA,NA,NA,NA,NA,NA,NA,NA,NA,"Saos-2","bone","osteosarcoma",NA,"909707","Y","Y","Y","Y","Y","MSS/MSI-L","R","Adherent",NA,NA,NA,NA,NA,NA,NA,NA
"GDSC_2020(v1-8.2)","MAE","Sarc9371","Sarc9371","Bone","Bone","bone","Osteosarcoma","Osteosarcoma","CVCL_5G89","CVCL_5G89","ACH-002396","Cancer cell line",NA,NA,NA,"Cancer cell line",NA,3,TRUE,FALSE,FALSE,TRUE,TRUE,NA,NA,NA,NA,NA,NA,NA,NA,NA,NA,NA,NA,NA,NA,NA,"Sarc9371_1344_2019","'SARC9371'","C9145","'SARC9371'","CVCL_5G89","Osteosarcoma","C9145","Cancer cell line","ACH-002396",NA,NA,NA,NA,NA,NA,NA,NA,NA,NA,NA,NA,NA,NA,NA,NA,NA,NA,NA,NA,NA,NA,NA,NA,NA,NA,NA,NA,NA,NA,NA,NA,NA,NA,NA,NA,NA,NA,NA,NA,NA,NA,NA,NA,NA,NA,NA,NA,NA,NA,NA,NA,NA,NA,NA,NA,NA,NA,NA,NA
"GDSC_2020(v1-8.2)","MAE","SJSA-1","SJSA-1","Bone","Bone","bone","Osteosarcoma","Osteosarcoma","CVCL_1697","CVCL_1697","ACH-000748","Cancer cell line","Male","19Y",NA,"Cancer cell line",NA,4,FALSE,TRUE,TRUE,TRUE,TRUE,NA,NA,NA,NA,NA,NA,NA,NA,NA,NA,NA,NA,NA,NA,NA,"SJSA1_1382_2019","'SJSA1','SJSA','OsA-CL','OSA-CL','OsACL','OSACL','Os-A','OSA','OsA'","C9145","'SJSA1','SJSA','OsA-CL','OSA-CL','OsACL','OSACL','Os-A','OSA','OsA'","CVCL_1697","Osteosarcoma","C9145","Cancer cell line","ACH-000748","Male","19Y",NA,NA,NA,NA,NA,NA,NA,NA,NA,NA,NA,NA,NA,NA,NA,NA,NA,NA,NA,NA,NA,NA,NA,NA,NA,NA,NA,NA,NA,NA,NA,NA,NA,NA,NA,NA,NA,"SJSA-1","bone","bone_other",NA,"909717","Y","Y","Y","Y","Y","MSS/MSI-L","R","Adherent",NA,NA,NA,NA,NA,NA,NA,NA
"GDSC_2020(v1-8.2)","MAE","SK-ES-1","SK-ES-1","Bone","Bone","bone","Ewing sarcoma","Ewing sarcoma","CVCL_0627","CVCL_0627","ACH-000087","Cancer cell line","Male","18Y",NA,"Cancer cell line",NA,3,FALSE,TRUE,FALSE,TRUE,TRUE,NA,NA,NA,NA,NA,NA,NA,NA,NA,NA,NA,NA,NA,NA,NA,"SKES1_1387_2019","'Sk-Es-1','Sk-ES-1','SK ES 01','SK-ES1','SKES-1','SKES1','SK-ES'","C4817","'Sk-Es-1','Sk-ES-1','SK ES 01','SK-ES1','SKES-1','SKES1','SK-ES'","CVCL_0627","Ewing sarcoma","C4817","Cancer cell line","ACH-000087","Male","18Y",NA,NA,NA,NA,NA,NA,NA,NA,NA,NA,NA,NA,NA,NA,NA,NA,NA,NA,NA,NA,NA,NA,NA,NA,NA,NA,NA,NA,NA,NA,NA,NA,NA,NA,NA,NA,NA,"SK-ES-1","bone","ewings_sarcoma",NA,"684072","Y","Y","Y","Y","Y","MSS/MSI-L","R","Semi-Adherent",NA,NA,NA,NA,NA,NA,NA,NA
"GDSC_2020(v1-8.2)","MAE","SK-LMS-1","SK-LMS-1","Soft Tissue","Soft Tissue","soft_tissue","Vulvar leiomyosarcoma","Vulvar leiomyosarcoma","CVCL_0628","CVCL_0628","ACH-000145","Cancer cell line","Female","43Y",NA,"Cancer cell line",NA,4,FALSE,TRUE,TRUE,TRUE,TRUE,NA,NA,NA,NA,NA,NA,NA,NA,NA,NA,NA,NA,NA,NA,NA,"SKLMS1_1391_2019","'SKLMS-1','SKLMS1'","C40318","'SKLMS-1','SKLMS1'","CVCL_0628","Vulvar leiomyosarcoma","C40318","Cancer cell line","ACH-000145","Female","43Y",NA,NA,NA,NA,NA,NA,NA,NA,NA,NA,NA,NA,NA,NA,NA,NA,NA,NA,NA,NA,NA,NA,NA,NA,NA,NA,NA,NA,NA,NA,NA,NA,NA,NA,NA,NA,NA,"SK-LMS-1","soft_tissue","soft_tissue_other",NA,"909720","Y","Y","Y","Y","Y","MSS/MSI-L","D/F12","Adherent",NA,NA,NA,NA,NA,NA,NA,NA
"GDSC_2020(v1-8.2)","MAE","SK-NEP-1","SK-NEP-1","Bone","Bone","bone","Ewing sarcoma","Ewing sarcoma","CVCL_0631","CVCL_0631","ACH-001192","Cancer cell line","Female","25Y"," Pleural effusion ","Cancer cell line","TRUE",5,TRUE,TRUE,TRUE,TRUE,TRUE,NA,NA,NA,NA,NA,NA,NA,NA,NA,NA,NA,NA,NA,NA,NA,"SKNEP1_1410_2019","'SKNEP-1','SKNEP1','SKNEP'","C4817","'SKNEP-1','SKNEP1','SKNEP'","CVCL_0631","Ewing sarcoma","C4817","Cancer cell line","ACH-001192","Female","25Y"," Pleural effusion ",NA,NA,NA,NA,NA,NA,NA,NA,NA,NA,NA,NA,NA,NA,NA,NA,NA,NA,NA,NA,NA,NA,NA,NA,NA,NA,NA,NA,NA,NA,NA,NA,NA,NA,NA,NA,NA,NA,NA,NA,NA,NA,NA,NA,NA,NA,NA,NA,NA,NA,NA,NA,NA,NA,NA,NA,NA
"GDSC_2020(v1-8.2)","MAE","SK-UT-1","SK-UT-1","Uterus","Soft Tissue","soft_tissue","Uterine corpus leiomyosarcoma","Uterine corpus leiomyosarcoma","CVCL_0533","CVCL_0533","ACH-000939","Cancer cell line","Female","75Y",NA,"Cancer cell line",NA,4,FALSE,TRUE,TRUE,TRUE,TRUE,NA,NA,NA,NA,NA,NA,NA,NA,NA,NA,NA,NA,NA,NA,NA,"SKUT1_1415_2019","'SK UT 1','SKUT-1','SKUT1','Skut1'","C6340","'SK UT 1','SKUT-1','SKUT1','Skut1'","CVCL_0533","Uterine corpus leiomyosarcoma","C6340","Cancer cell line","ACH-000939","Female","75Y",NA,NA,NA,NA,NA,NA,NA,NA,NA,NA,NA,NA,NA,NA,NA,NA,NA,NA,NA,NA,NA,NA,NA,NA,NA,NA,NA,NA,NA,NA,NA,NA,NA,NA,NA,NA,NA,"SK-UT-1","soft_tissue","soft_tissue_other",NA,"909732","Y","Y","Y","Y","Y","MSI-H","D/F12","Adherent",NA,NA,NA,NA,NA,NA,NA,NA
"GDSC_2020(v1-8.2)","MAE","SW684","SW684","Soft Tissue","Soft Tissue","soft_tissue","Fibrosarcoma","Fibrosarcoma","CVCL_1726","CVCL_1726","ACH-002309","Cancer cell line","Male","68Y",NA,"Cancer cell line",NA,5,TRUE,TRUE,TRUE,TRUE,TRUE,NA,NA,NA,NA,NA,NA,NA,NA,NA,NA,NA,NA,NA,NA,NA,"SW684_1543_2019","'SW-684','SW 684'","C3043","'SW-684','SW 684'","CVCL_1726","Fibrosarcoma","C3043","Cancer cell line","ACH-002309","Male","68Y",NA,NA,NA,NA,NA,NA,NA,NA,NA,NA,NA,NA,NA,NA,NA,NA,NA,NA,NA,NA,NA,NA,NA,NA,NA,NA,NA,NA,NA,NA,NA,NA,NA,NA,NA,NA,NA,"SW684","soft_tissue","fibrosarcoma",NA,"909754","Y","Y","Y","Y","Y","MSS/MSI-L","D/F12","Adherent",NA,NA,NA,NA,NA,NA,NA,NA
"GDSC_2020(v1-8.2)","MAE","SW872","SW872","Soft Tissue","Soft Tissue","soft_tissue","Liposarcoma","Liposarcoma","CVCL_1730","CVCL_1730","ACH-002310","Cancer cell line","Male","36Y",NA,"Cancer cell line",NA,5,TRUE,TRUE,TRUE,TRUE,TRUE,NA,NA,NA,NA,NA,NA,NA,NA,NA,NA,NA,NA,NA,NA,NA,"SW872_1547_2019","'SW-872','SW 872'","C3194","'SW-872','SW 872'","CVCL_1730","Liposarcoma","C3194","Cancer cell line","ACH-002310","Male","36Y",NA,NA,NA,NA,NA,NA,NA,NA,NA,NA,NA,NA,NA,NA,NA,NA,NA,NA,NA,NA,NA,NA,NA,NA,NA,NA,NA,NA,NA,NA,NA,NA,NA,NA,NA,NA,NA,"SW872","soft_tissue","soft_tissue_other",NA,"909756","Y","Y","Y","Y","Y","MSS/MSI-L","D/F12","Adherent",NA,NA,NA,NA,NA,NA,NA,NA
"GDSC_2020(v1-8.2)","MAE","SW982","SW982","Soft Tissue","Soft Tissue","soft_tissue","Biphasic synovial sarcoma","Biphasic synovial sarcoma","CVCL_1734","CVCL_1734","ACH-001274","Cancer cell line","Female","25Y",NA,"Cancer cell line",NA,5,TRUE,TRUE,TRUE,TRUE,TRUE,NA,NA,NA,NA,NA,NA,NA,NA,NA,NA,NA,NA,NA,NA,NA,"SW982_1552_2019","'SW-982','SW 982'","C4279","'SW-982','SW 982'","CVCL_1734","Biphasic synovial sarcoma","C4279","Cancer cell line","ACH-001274","Female","25Y",NA,NA,NA,NA,NA,NA,NA,NA,NA,NA,NA,NA,NA,NA,NA,NA,NA,NA,NA,NA,NA,NA,NA,NA,NA,NA,NA,NA,NA,NA,NA,NA,NA,NA,NA,NA,NA,"SW982","soft_tissue","soft_tissue_other",NA,"909759","Y","Y","Y","Y","Y","MSS/MSI-L","D/F12","Adherent",NA,NA,NA,NA,NA,NA,NA,NA
"GDSC_2020(v1-8.2)","MAE","T1-73","T1-73","Bone","Bone","bone","Osteosarcoma","Osteosarcoma","CVCL_3605","CVCL_3605","ACH-000529","Cancer cell line","Sex unspecified","Age unspecified",NA,"Cancer cell line",NA,3,FALSE,FALSE,TRUE,TRUE,TRUE,NA,NA,NA,NA,NA,NA,NA,NA,NA,NA,NA,NA,NA,NA,NA,"TI73_1594_2019","'TI-73','T173'","C9145","'TI-73','T173'","CVCL_3605","Osteosarcoma","C9145","Cancer cell line","ACH-000529","Sex unspecified","Age unspecified",NA,NA,NA,NA,NA,NA,NA,NA,NA,NA,NA,NA,NA,NA,NA,NA,NA,NA,NA,NA,NA,NA,NA,NA,NA,NA,NA,NA,NA,NA,NA,NA,NA,NA,NA,NA,NA,NA,NA,NA,NA,NA,NA,NA,NA,NA,NA,NA,NA,NA,NA,NA,NA,NA,NA,NA,NA,NA
"GDSC_2020(v1-8.2)","MAE","TC-71","TC-71","Bone","Bone","bone","Ewing sarcoma","Ewing sarcoma","CVCL_2213","CVCL_2213","ACH-000424","Cancer cell line","Male","22Y",NA,"Cancer cell line",NA,3,FALSE,TRUE,FALSE,TRUE,TRUE,NA,NA,NA,NA,NA,NA,NA,NA,NA,NA,NA,NA,NA,NA,NA,"TC71_1567_2019","'TC71','GM11654'","C4817","'TC71','GM11654'","CVCL_2213","Ewing sarcoma","C4817","Cancer cell line","ACH-000424","Male","22Y",NA,NA,NA,NA,NA,NA,NA,NA,NA,NA,NA,NA,NA,NA,NA,NA,NA,NA,NA,NA,NA,NA,NA,NA,NA,NA,NA,NA,NA,NA,NA,NA,NA,NA,NA,NA,NA,"TC-71","bone","ewings_sarcoma",NA,"1240221","Y","Y","Y","Y","Y","MSS/MSI-L","D/F12","Adherent",NA,NA,NA,NA,NA,NA,NA,NA
"GDSC_2020(v1-8.2)","MAE","TE 441.T","TE 441.T","Soft Tissue","Soft Tissue","soft_tissue","Rhabdomyosarcoma","Rhabdomyosarcoma","CVCL_1754","CVCL_1754","ACH-000772","Cancer cell line","Female","14Y",NA,"Cancer cell line",NA,5,TRUE,TRUE,TRUE,TRUE,TRUE,NA,NA,NA,NA,NA,NA,NA,NA,NA,NA,NA,NA,NA,NA,NA,"TE441.T_1573_2019","'TE-441-T','TE441T'","C3359","'TE-441-T','TE441T'","CVCL_1754","Rhabdomyosarcoma","C3359","Cancer cell line","ACH-000772","Female","14Y",NA,NA,NA,NA,NA,NA,NA,NA,NA,NA,NA,NA,NA,NA,NA,NA,NA,NA,NA,NA,NA,NA,NA,NA,NA,NA,NA,NA,NA,NA,NA,NA,NA,NA,NA,NA,NA,"TE-441-T","soft_tissue","rhabdomyosarcoma",NA,"924248","Y","Y","Y","Y","Y","MSS/MSI-L","D/F12","Adherent",NA,NA,NA,NA,NA,NA,NA,NA
"GDSC_2020(v1-8.2)","MAE","U2OS","U2OS","Bone","Bone","bone","Osteosarcoma","Osteosarcoma","CVCL_0042","CVCL_0042","ACH-000364","Cancer cell line","Female","15Y",NA,"Cancer cell line",NA,4,FALSE,TRUE,TRUE,TRUE,TRUE,NA,NA,NA,NA,NA,NA,NA,NA,NA,NA,NA,NA,NA,NA,NA,"U2OS_1619_2019","'U-2 OS','U-2OS','U-2-OS','U2-OS','U20-S','U20S','2T'","C9145","'U-2 OS','U-2OS','U-2-OS','U2-OS','U20-S','U20S','2T'","CVCL_0042","Osteosarcoma","C9145","Cancer cell line","ACH-000364","Female","15Y",NA,NA,NA,NA,NA,NA,NA,NA,NA,NA,NA,NA,NA,NA,NA,NA,NA,NA,NA,NA,NA,NA,NA,NA,NA,NA,NA,NA,NA,NA,NA,NA,NA,NA,NA,NA,NA,"U-2-OS","bone","osteosarcoma",NA,"909776","Y","Y","Y","Y","Y","MSS/MSI-L","R","Adherent",NA,NA,NA,NA,NA,NA,NA,NA
"GDSC_2020(v1-8.2)","MAE","VA-ES-BJ","VA-ES-BJ","Soft Tissue","Soft Tissue","bone","Epithelioid sarcoma","Epithelioid sarcoma","CVCL_1785","CVCL_1785","ACH-001702","Cancer cell line","Male","41Y"," Bone marrow ","Cancer cell line","TRUE",5,TRUE,TRUE,TRUE,TRUE,TRUE,NA,NA,NA,NA,NA,NA,NA,NA,NA,NA,NA,NA,NA,NA,NA,"VAESBJ_1651_2019","'VAESBJ','Valhalla-Epithelioid Sarcoma-BJ'","C3714","'VAESBJ','Valhalla-Epithelioid Sarcoma-BJ'","CVCL_1785","Epithelioid sarcoma","C3714","Cancer cell line","ACH-001702","Male","41Y"," Bone marrow ",NA,NA,NA,NA,NA,NA,NA,NA,NA,NA,NA,NA,NA,NA,NA,NA,NA,NA,NA,NA,NA,NA,NA,NA,NA,NA,NA,NA,NA,NA,NA,NA,NA,NA,NA,NA,"VA-ES-BJ","soft_tissue","soft_tissue_other",NA,"688121","Y","Y","Y","Y","Y","MSS/MSI-L","D/F12","Adherent",NA,NA,NA,NA,NA,NA,NA,NA
"GDSC_2020(v2-8.2)","MAE","143B","143B","Bone","Bone","bone","Osteosarcoma","Osteosarcoma","CVCL_2270","CVCL_2270","ACH-001001","Cancer cell line","Female","13Y",NA,"Cancer cell line",NA,3,NA,FALSE,FALSE,TRUE,TRUE,NA,NA,NA,NA,NA,NA,NA,NA,NA,NA,NA,NA,NA,NA,NA,"143B_3_2019","'143b','143 B','143B TK-','143B.TK-','143BTK-','143TK-','HOS-143B','HOS-143b','GM05887','GM05887A'","C9145","'143b','143 B','143B TK-','143B.TK-','143BTK-','143TK-','HOS-143B','HOS-143b','GM05887','GM05887A'","CVCL_2270","Osteosarcoma","C9145","Cancer cell line","ACH-001001","Female","13Y",NA,NA,NA,NA,NA,NA,NA,NA,NA,NA,NA,NA,NA,NA,NA,NA,NA,NA,NA,NA,NA,NA,NA,NA,NA,NA,NA,NA,NA,NA,NA,NA,NA,NA,NA,NA,NA,NA,NA,NA,NA,NA,NA,NA,NA,NA,NA,NA,NA,NA,TRUE,NA,NA,NA,NA,NA,NA,NA
"GDSC_2020(v2-8.2)","MAE","A-204","A-204","Soft Tissue","Soft Tissue","soft_tissue","Embryonal rhabdomyosarcoma","Embryonal rhabdomyosarcoma","CVCL_1058","CVCL_1058","ACH-000201","Cancer cell line","Female","1Y",NA,"Cancer cell line",NA,4,NA,TRUE,TRUE,TRUE,TRUE,NA,NA,NA,NA,NA,NA,NA,NA,NA,NA,NA,NA,NA,NA,NA,"A204_37_2019","'A204'","C8971","'A204'","CVCL_1058","Embryonal rhabdomyosarcoma","C8971","Cancer cell line","ACH-000201","Female","1Y",NA,NA,NA,NA,NA,NA,NA,NA,NA,NA,NA,NA,NA,NA,NA,NA,NA,NA,NA,NA,NA,NA,NA,NA,NA,NA,NA,NA,NA,NA,NA,NA,NA,NA,NA,NA,NA,"A204","soft_tissue","rhabdomyosarcoma",NA,"910784","Y","Y","Y","Y","Y","MSS/MSI-L","R","Adherent",FALSE,NA,NA,NA,NA,NA,NA,NA
"GDSC_2020(v2-8.2)","MAE","A-673","A-673","Bone","Bone","bone","Ewing sarcoma","Ewing sarcoma","CVCL_0080","CVCL_0080","ACH-000052","Cancer cell line","Female","15Y",NA,"Cancer cell line",NA,4,NA,TRUE,TRUE,TRUE,TRUE,NA,NA,NA,NA,NA,NA,NA,NA,NA,NA,NA,NA,NA,NA,NA,"A673_49_2019","'A673','RMS 1598','RMS1598'","C4817","'A673','RMS 1598','RMS1598'","CVCL_0080","Ewing sarcoma","C4817","Cancer cell line","ACH-000052","Female","15Y",NA,NA,NA,NA,NA,NA,NA,NA,NA,NA,NA,NA,NA,NA,NA,NA,NA,NA,NA,NA,NA,NA,NA,NA,NA,NA,NA,NA,NA,NA,NA,NA,NA,NA,NA,NA,NA,"A673","soft_tissue","rhabdomyosarcoma",NA,"684052","Y","Y","Y","Y","Y","MSS/MSI-L","D/F12","Adherent",FALSE,NA,NA,NA,NA,NA,NA,NA
"GDSC_2020(v2-8.2)","MAE","CADO-ES1","CADO-ES1","Bone","Bone","bone","Ewing sarcoma","Ewing sarcoma","CVCL_1103","CVCL_1103","ACH-000210","Cancer cell line","Female","19Y"," Pleural effusion ","Cancer cell line","TRUE",3,NA,TRUE,FALSE,TRUE,TRUE,NA,NA,NA,NA,NA,NA,NA,NA,NA,NA,NA,NA,NA,NA,NA,"CADOES1_162_2019","'CADO-ES-1','Cado-ES-1','CADO ES1','CADOES1','CADO-ES','Cado-ES','ESCADO1','Center for Adult Diseases Osaka-Ewing Sarcoma 1'","C4817","'CADO-ES-1','Cado-ES-1','CADO ES1','CADOES1','CADO-ES','Cado-ES','ESCADO1','Center for Adult Diseases Osaka-Ewing Sarcoma 1'","CVCL_1103","Ewing sarcoma","C4817","Cancer cell line","ACH-000210","Female","19Y"," Pleural effusion ",NA,NA,NA,NA,NA,NA,NA,NA,NA,NA,NA,NA,NA,NA,NA,NA,NA,NA,NA,NA,NA,NA,NA,NA,NA,NA,NA,NA,NA,NA,NA,NA,NA,NA,NA,NA,"CADO-ES1","bone","ewings_sarcoma",NA,"753539","Y","Y","Y","Y","Y","MSS/MSI-L","R","Suspension",FALSE,NA,NA,NA,NA,NA,NA,NA
"GDSC_2020(v2-8.2)","MAE","CAL-72","CAL-72","Bone","Bone","bone","Osteosarcoma","Osteosarcoma","CVCL_1113","CVCL_1113","ACH-001715","Cancer cell line","Male","10Y",NA,"Cancer cell line",NA,5,NA,TRUE,TRUE,TRUE,TRUE,NA,NA,NA,NA,NA,NA,NA,NA,NA,NA,NA,NA,NA,NA,NA,"CAL72_175_2019","'CAL 72','CAL72','Cal72','Centre Antoine Lacassagne-72'","C9145","'CAL 72','CAL72','Cal72','Centre Antoine Lacassagne-72'","CVCL_1113","Osteosarcoma","C9145","Cancer cell line","ACH-001715","Male","10Y",NA,NA,NA,NA,NA,NA,NA,NA,NA,NA,NA,NA,NA,NA,NA,NA,NA,NA,NA,NA,NA,NA,NA,NA,NA,NA,NA,NA,NA,NA,NA,NA,NA,NA,NA,NA,NA,"CAL-72","bone","osteosarcoma",NA,"906827","Y","Y","Y","Y","Y","MSS/MSI-L","D/F12","Adherent",TRUE,NA,NA,NA,NA,NA,NA,NA
"GDSC_2020(v2-8.2)","MAE","CAL-78","CAL-78","Bone","Bone","soft_tissue","Dedifferentiated chondrosarcoma","Dedifferentiated chondrosarcoma","CVCL_1809","CVCL_1809","ACH-000516","Cancer cell line","Male","76Y",NA,"Cancer cell line",NA,4,NA,TRUE,FALSE,TRUE,TRUE,NA,NA,NA,NA,NA,NA,NA,NA,NA,NA,NA,NA,NA,NA,NA,"CAL78_176_2019","'CAL 78','CAL78','Centre Antoine Lacassagne-78'","C6476","'CAL 78','CAL78','Centre Antoine Lacassagne-78'","CVCL_1809","Dedifferentiated chondrosarcoma","C6476","Cancer cell line","ACH-000516","Male","76Y",NA,NA,NA,NA,NA,NA,NA,NA,NA,NA,NA,NA,NA,NA,NA,NA,NA,NA,NA,NA,NA,NA,NA,NA,NA,NA,NA,NA,NA,NA,NA,NA,NA,NA,NA,NA,NA,"CAL-78","bone","chondrosarcoma",NA,"1290765","Y","Y","Y","Y","Y","MSS/MSI-L","R","Adherent",TRUE,NA,NA,NA,NA,NA,NA,NA
"GDSC_2020(v2-8.2)","MAE","CHSA0011","CHSA0011","Bone","Bone","bone","Chondrosarcoma","Chondrosarcoma","CVCL_X483","CVCL_X483","ACH-002092","Cancer cell line","Male",NA,NA,"Cancer cell line",NA,4,NA,TRUE,FALSE,TRUE,TRUE,NA,NA,NA,NA,NA,NA,NA,NA,NA,NA,NA,NA,NA,NA,NA,"CHSA0011_201_2019","'CHSA 0011'","C2946","'CHSA 0011'","CVCL_X483","Chondrosarcoma","C2946","Cancer cell line","ACH-002092","Male",NA,NA,NA,NA,NA,NA,NA,NA,NA,NA,NA,NA,NA,NA,NA,NA,NA,NA,NA,NA,NA,NA,NA,NA,NA,NA,NA,NA,NA,NA,NA,NA,NA,NA,NA,NA,NA,NA,"CHSA0011","bone","chondrosarcoma",NA,"1290767","Y","Y","Y","N","Y",NA,"R","Adherent",TRUE,NA,NA,NA,NA,NA,NA,NA
"GDSC_2020(v2-8.2)","MAE","CHSA0108","CHSA0108","Bone","Bone","bone","Chondrosarcoma","Chondrosarcoma","CVCL_X484","CVCL_X484","ACH-002093","Cancer cell line","Male",NA,NA,"Cancer cell line",NA,4,NA,TRUE,FALSE,TRUE,TRUE,NA,NA,NA,NA,NA,NA,NA,NA,NA,NA,NA,NA,NA,NA,NA,"CHSA0108_202_2019","'CHSA 0108'","C2946","'CHSA 0108'","CVCL_X484","Chondrosarcoma","C2946","Cancer cell line","ACH-002093","Male",NA,NA,NA,NA,NA,NA,NA,NA,NA,NA,NA,NA,NA,NA,NA,NA,NA,NA,NA,NA,NA,NA,NA,NA,NA,NA,NA,NA,NA,NA,NA,NA,NA,NA,NA,NA,NA,NA,"CHSA0108","bone","chondrosarcoma",NA,"1290768","Y","Y","Y","N","Y",NA,"R","Adherent",TRUE,NA,NA,NA,NA,NA,NA,NA
"GDSC_2020(v2-8.2)","MAE","CHSA8926","CHSA8926","Bone","Bone","other","Chondrosarcoma","Chondrosarcoma","CVCL_X485","CVCL_X485","ACH-002094","Cancer cell line","Male",NA,NA,"Cancer cell line",NA,4,NA,TRUE,FALSE,TRUE,TRUE,NA,NA,NA,NA,NA,NA,NA,NA,NA,NA,NA,NA,NA,NA,NA,"CHSA8926_203_2019","'CHSA 8926'","C2946","'CHSA 8926'","CVCL_X485","Chondrosarcoma","C2946","Cancer cell line","ACH-002094","Male",NA,NA,NA,NA,NA,NA,NA,NA,NA,NA,NA,NA,NA,NA,NA,NA,NA,NA,NA,NA,NA,NA,NA,NA,NA,NA,NA,NA,NA,NA,NA,NA,NA,NA,NA,NA,NA,NA,"CHSA8926","bone","chondrosarcoma",NA,"1303912","Y","Y","Y","Y","Y","MSS/MSI-L","R","Adherent",TRUE,NA,NA,NA,NA,NA,NA,NA
"GDSC_2020(v2-8.2)","MAE","CS-1 [Human chondrosarcoma]","CS-1 [Human chondrosarcoma]","Bone","Bone","bone","Chondrosarcoma","Chondrosarcoma","CVCL_T023","CVCL_T023","ACH-002099","Cancer cell line","Male","62Y",NA,"Cancer cell line",NA,4,NA,TRUE,FALSE,TRUE,TRUE,NA,NA,NA,NA,NA,NA,NA,NA,NA,NA,NA,NA,NA,NA,NA,"CS1_266_2019","'Cs-1','CS1','CHSA cell line'","C2946","'Cs-1','CS1','CHSA cell line'","CVCL_T023","Chondrosarcoma","C2946","Cancer cell line","ACH-002099","Male","62Y",NA,NA,NA,NA,NA,NA,NA,NA,NA,NA,NA,NA,NA,NA,NA,NA,NA,NA,NA,NA,NA,NA,NA,NA,NA,NA,NA,NA,NA,NA,NA,NA,NA,NA,NA,NA,NA,"CS1","bone","bone_other",NA,"1290795","Y","Y","Y","Y","Y","MSS/MSI-L","R","Adherent",TRUE,NA,NA,NA,NA,NA,NA,NA
"GDSC_2020(v2-8.2)","MAE","ES1","ES1","Bone","Bone","bone","Ewing sarcoma","Ewing sarcoma","CVCL_1198","CVCL_1198","ACH-002103","Cancer cell line","Female",NA,NA,"Cancer cell line",NA,5,NA,TRUE,TRUE,TRUE,TRUE,NA,NA,NA,NA,NA,NA,NA,NA,NA,NA,NA,NA,NA,NA,NA,"ES1_338_2019","'ES-1'","C4817","'ES-1'","CVCL_1198","Ewing sarcoma","C4817","Cancer cell line","ACH-002103","Female",NA,NA,NA,NA,NA,NA,NA,NA,NA,NA,NA,NA,NA,NA,NA,NA,NA,NA,NA,NA,NA,NA,NA,NA,NA,NA,NA,NA,NA,NA,NA,NA,NA,NA,NA,NA,NA,NA,"ES1","bone","ewings_sarcoma",NA,"949158","Y","Y","Y","Y","Y","MSS/MSI-L","R","Adherent",TRUE,NA,NA,NA,NA,NA,NA,NA
"GDSC_2020(v2-8.2)","MAE","ES3","ES3","Bone","Bone","bone","Ewing sarcoma","Ewing sarcoma","CVCL_1199","CVCL_1199","ACH-002104","Cancer cell line","Male",NA,NA,"Cancer cell line",NA,5,NA,TRUE,TRUE,TRUE,TRUE,NA,NA,NA,NA,NA,NA,NA,NA,NA,NA,NA,NA,NA,NA,NA,"ES3_339_2019","'ES-3'","C4817","'ES-3'","CVCL_1199","Ewing sarcoma","C4817","Cancer cell line","ACH-002104","Male",NA,NA,NA,NA,NA,NA,NA,NA,NA,NA,NA,NA,NA,NA,NA,NA,NA,NA,NA,NA,NA,NA,NA,NA,NA,NA,NA,NA,NA,NA,NA,NA,NA,NA,NA,NA,NA,NA,"ES3","bone","ewings_sarcoma",NA,"684055","Y","Y","Y","Y","Y","MSS/MSI-L","R","Adherent",TRUE,NA,NA,NA,NA,NA,NA,NA
"GDSC_2020(v2-8.2)","MAE","ES4","ES4","Bone","Bone","bone","Ewing sarcoma","Ewing sarcoma","CVCL_1200","CVCL_1200","ACH-002105","Cancer cell line","Male",NA,NA,"Cancer cell line",NA,5,NA,TRUE,TRUE,TRUE,TRUE,NA,NA,NA,NA,NA,NA,NA,NA,NA,NA,NA,NA,NA,NA,NA,"ES4_340_2019","'ES-4'","C4817","'ES-4'","CVCL_1200","Ewing sarcoma","C4817","Cancer cell line","ACH-002105","Male",NA,NA,NA,NA,NA,NA,NA,NA,NA,NA,NA,NA,NA,NA,NA,NA,NA,NA,NA,NA,NA,NA,NA,NA,NA,NA,NA,NA,NA,NA,NA,NA,NA,NA,NA,NA,NA,NA,"ES4","bone","ewings_sarcoma",NA,"949156","Y","Y","Y","Y","Y","MSS/MSI-L","R","Adherent",TRUE,NA,NA,NA,NA,NA,NA,NA
"GDSC_2020(v2-8.2)","MAE","ES5","ES5","Bone","Bone","bone","Ewing sarcoma","Ewing sarcoma","CVCL_1201","CVCL_1201","ACH-002106","Cancer cell line","Male",NA,NA,"Cancer cell line",NA,5,NA,TRUE,TRUE,TRUE,TRUE,NA,NA,NA,NA,NA,NA,NA,NA,NA,NA,NA,NA,NA,NA,NA,"ES5_341_2019",NA,"C4817",NA,"CVCL_1201","Ewing sarcoma","C4817","Cancer cell line","ACH-002106","Male",NA,NA,NA,NA,NA,NA,NA,NA,NA,NA,NA,NA,NA,NA,NA,NA,NA,NA,NA,NA,NA,NA,NA,NA,NA,NA,NA,NA,NA,NA,NA,NA,NA,NA,NA,NA,NA,NA,"ES5","bone","ewings_sarcoma",NA,"684057","Y","Y","Y","Y","Y","MSS/MSI-L","R","Adherent",TRUE,NA,NA,NA,NA,NA,NA,NA
"GDSC_2020(v2-8.2)","MAE","ES6","ES6","Bone","Bone","bone","Ewing sarcoma","Ewing sarcoma","CVCL_1202","CVCL_1202","ACH-002107","Cancer cell line","Male",NA,NA,"Cancer cell line",NA,5,NA,TRUE,TRUE,TRUE,TRUE,NA,NA,NA,NA,NA,NA,NA,NA,NA,NA,NA,NA,NA,NA,NA,"ES6_342_2019","'ES-6'","C4817","'ES-6'","CVCL_1202","Ewing sarcoma","C4817","Cancer cell line","ACH-002107","Male",NA,NA,NA,NA,NA,NA,NA,NA,NA,NA,NA,NA,NA,NA,NA,NA,NA,NA,NA,NA,NA,NA,NA,NA,NA,NA,NA,NA,NA,NA,NA,NA,NA,NA,NA,NA,NA,NA,"ES6","bone","ewings_sarcoma",NA,"949157","Y","Y","Y","N","Y","MSS/MSI-L","R","Adherent",TRUE,NA,NA,NA,NA,NA,NA,NA
"GDSC_2020(v2-8.2)","MAE","ES7","ES7","Bone","Bone","bone","Ewing sarcoma","Ewing sarcoma","CVCL_1203","CVCL_1203","ACH-002108","Cancer cell line","Male",NA,NA,"Cancer cell line",NA,5,NA,TRUE,TRUE,TRUE,TRUE,NA,NA,NA,NA,NA,NA,NA,NA,NA,NA,NA,NA,NA,NA,NA,"ES7_343_2019","'ES-7'","C4817","'ES-7'","CVCL_1203","Ewing sarcoma","C4817","Cancer cell line","ACH-002108","Male",NA,NA,NA,NA,NA,NA,NA,NA,NA,NA,NA,NA,NA,NA,NA,NA,NA,NA,NA,NA,NA,NA,NA,NA,NA,NA,NA,NA,NA,NA,NA,NA,NA,NA,NA,NA,NA,NA,"ES7","bone","ewings_sarcoma",NA,"684059","Y","Y","Y","Y","Y","MSS/MSI-L","R","Adherent",TRUE,NA,NA,NA,NA,NA,NA,NA
"GDSC_2020(v2-8.2)","MAE","ES8","ES8","Bone","Bone","bone","Ewing sarcoma","Ewing sarcoma","CVCL_1204","CVCL_1204","ACH-002109","Cancer cell line","Male",NA,NA,"Cancer cell line",NA,5,NA,TRUE,TRUE,TRUE,TRUE,NA,NA,NA,NA,NA,NA,NA,NA,NA,NA,NA,NA,NA,NA,NA,"ES8_344_2019","'ES-8'","C4817","'ES-8'","CVCL_1204","Ewing sarcoma","C4817","Cancer cell line","ACH-002109","Male",NA,NA,NA,NA,NA,NA,NA,NA,NA,NA,NA,NA,NA,NA,NA,NA,NA,NA,NA,NA,NA,NA,NA,NA,NA,NA,NA,NA,NA,NA,NA,NA,NA,NA,NA,NA,NA,NA,"ES8","bone","ewings_sarcoma",NA,"949155","Y","Y","Y","Y","Y","MSS/MSI-L","R","Adherent",TRUE,NA,NA,NA,NA,NA,NA,NA
"GDSC_2020(v2-8.2)","MAE","ESS-1","ESS-1","Uterus","Soft Tissue","endometrium","Endometrioid stromal sarcoma","Endometrioid stromal sarcoma","CVCL_1205","CVCL_1205","ACH-000913","Cancer cell line","Female","76Y",NA,"Cancer cell line",NA,4,NA,TRUE,TRUE,TRUE,TRUE,NA,NA,NA,NA,NA,NA,NA,NA,NA,NA,NA,NA,NA,NA,NA,"ESS1_347_2019","'ESS1','Endometrial Stromal Sarcoma-1'","C8973","'ESS1','Endometrial Stromal Sarcoma-1'","CVCL_1205","Endometrioid stromal sarcoma","C8973","Cancer cell line","ACH-000913","Female","76Y",NA,NA,NA,NA,NA,NA,NA,NA,NA,NA,NA,NA,NA,NA,NA,NA,NA,NA,NA,NA,NA,NA,NA,NA,NA,NA,NA,NA,NA,NA,NA,NA,NA,NA,NA,NA,NA,"ESS-1","urogenital_system","endometrium",NA,"907000","Y","Y","Y","Y","Y","MSS/MSI-L","R","Adherent",FALSE,NA,NA,NA,NA,NA,NA,NA
"GDSC_2020(v2-8.2)","MAE","EW-1","EW-1","Bone","Bone","bone","Ewing sarcoma","Ewing sarcoma","CVCL_1208","CVCL_1208","ACH-002110","Cancer cell line","Male","19Y"," Pleural effusion ","Cancer cell line","TRUE",5,NA,TRUE,TRUE,TRUE,TRUE,NA,NA,NA,NA,NA,NA,NA,NA,NA,NA,NA,NA,NA,NA,NA,"EW1_350_2019","'EW1','IARC-EW1','IARC-EW-1','IARC-EW 1'","C4817","'EW1','IARC-EW1','IARC-EW-1','IARC-EW 1'","CVCL_1208","Ewing sarcoma","C4817","Cancer cell line","ACH-002110","Male","19Y"," Pleural effusion ",NA,NA,NA,NA,NA,NA,NA,NA,NA,NA,NA,NA,NA,NA,NA,NA,NA,NA,NA,NA,NA,NA,NA,NA,NA,NA,NA,NA,NA,NA,NA,NA,NA,NA,NA,NA,"EW-1","bone","ewings_sarcoma",NA,"949163","Y","Y","Y","Y","Y","MSS/MSI-L","R","Semi-Adherent",TRUE,NA,NA,NA,NA,NA,NA,NA
"GDSC_2020(v2-8.2)","MAE","EW-11","EW-11","Bone","Bone","bone","Ewing sarcoma","Ewing sarcoma","CVCL_1209","CVCL_1209","ACH-002111","Cancer cell line","Female","11Y"," Mediastinal lymph node ","Cancer cell line","TRUE",5,NA,TRUE,TRUE,TRUE,TRUE,NA,NA,NA,NA,NA,NA,NA,NA,NA,NA,NA,NA,NA,NA,NA,"EW11_351_2019","'EW11','IARC-EW11','IARC-EW-11','IARC-EW 11'","C4817","'EW11','IARC-EW11','IARC-EW-11','IARC-EW 11'","CVCL_1209","Ewing sarcoma","C4817","Cancer cell line","ACH-002111","Female","11Y"," Mediastinal lymph node ",NA,NA,NA,NA,NA,NA,NA,NA,NA,NA,NA,NA,NA,NA,NA,NA,NA,NA,NA,NA,NA,NA,NA,NA,NA,NA,NA,NA,NA,NA,NA,NA,NA,NA,NA,NA,"EW-11","bone","ewings_sarcoma",NA,"684062","Y","Y","Y","Y","Y","MSS/MSI-L","R","Adherent",TRUE,NA,NA,NA,NA,NA,NA,NA
"GDSC_2020(v2-8.2)","MAE","EW-12","EW-12","Bone","Bone","bone","Ewing sarcoma","Ewing sarcoma","CVCL_1210","CVCL_1210","ACH-002112","Cancer cell line","Female","Age unspecified",NA,"Cancer cell line",NA,5,NA,TRUE,TRUE,TRUE,TRUE,NA,NA,NA,NA,NA,NA,NA,NA,NA,NA,NA,NA,NA,NA,NA,"EW12_352_2019","'EW12','IARC-EW12','IARC-EW-12','IARC-EW 12'","C4817","'EW12','IARC-EW12','IARC-EW-12','IARC-EW 12'","CVCL_1210","Ewing sarcoma","C4817","Cancer cell line","ACH-002112","Female","Age unspecified",NA,NA,NA,NA,NA,NA,NA,NA,NA,NA,NA,NA,NA,NA,NA,NA,NA,NA,NA,NA,NA,NA,NA,NA,NA,NA,NA,NA,NA,NA,NA,NA,NA,NA,NA,NA,NA,"EW-12","bone","ewings_sarcoma",NA,"949162","Y","Y","Y","Y","Y","MSS/MSI-L","R","Suspension",TRUE,NA,NA,NA,NA,NA,NA,NA
"GDSC_2020(v2-8.2)","MAE","EW-13","EW-13","Bone","Bone","bone","Ewing sarcoma","Ewing sarcoma","CVCL_1211","CVCL_1211","ACH-002113","Cancer cell line","Male","Age unspecified",NA,"Cancer cell line",NA,5,NA,TRUE,TRUE,TRUE,TRUE,NA,NA,NA,NA,NA,NA,NA,NA,NA,NA,NA,NA,NA,NA,NA,"EW13_353_2019","'EW13','IARC-EW13','IARC-EW-13','IARC-EW 13'","C4817","'EW13','IARC-EW13','IARC-EW-13','IARC-EW 13'","CVCL_1211","Ewing sarcoma","C4817","Cancer cell line","ACH-002113","Male","Age unspecified",NA,NA,NA,NA,NA,NA,NA,NA,NA,NA,NA,NA,NA,NA,NA,NA,NA,NA,NA,NA,NA,NA,NA,NA,NA,NA,NA,NA,NA,NA,NA,NA,NA,NA,NA,NA,NA,"EW-13","bone","ewings_sarcoma",NA,"949166","Y","Y","Y","Y","Y","MSS/MSI-L","R","Suspension",TRUE,NA,NA,NA,NA,NA,NA,NA
"GDSC_2020(v2-8.2)","MAE","EW-16","EW-16","Bone","Bone","bone","Ewing sarcoma","Ewing sarcoma","CVCL_1212","CVCL_1212","ACH-002114","Cancer cell line","Male","Age unspecified",NA,"Cancer cell line",NA,5,NA,TRUE,TRUE,TRUE,TRUE,NA,NA,NA,NA,NA,NA,NA,NA,NA,NA,NA,NA,NA,NA,NA,"EW16_354_2019","'EW16','IARC-EW16','IARC-EW-16','IARC-EW 16'","C4817","'EW16','IARC-EW16','IARC-EW-16','IARC-EW 16'","CVCL_1212","Ewing sarcoma","C4817","Cancer cell line","ACH-002114","Male","Age unspecified",NA,NA,NA,NA,NA,NA,NA,NA,NA,NA,NA,NA,NA,NA,NA,NA,NA,NA,NA,NA,NA,NA,NA,NA,NA,NA,NA,NA,NA,NA,NA,NA,NA,NA,NA,NA,NA,"EW-16","bone","ewings_sarcoma",NA,"949165","Y","Y","Y","Y","Y","MSS/MSI-L","R","Adherent",TRUE,NA,NA,NA,NA,NA,NA,NA
"GDSC_2020(v2-8.2)","MAE","EW-18","EW-18","Bone","Bone","bone","Ewing sarcoma","Ewing sarcoma","CVCL_1213","CVCL_1213","ACH-002115","Cancer cell line","Sex unspecified","Age unspecified",NA,"Cancer cell line",NA,5,NA,TRUE,TRUE,TRUE,TRUE,NA,NA,NA,NA,NA,NA,NA,NA,NA,NA,NA,NA,NA,NA,NA,"EW18_355_2019","'EW18','IARC-EW-18'","C4817","'EW18','IARC-EW-18'","CVCL_1213","Ewing sarcoma","C4817","Cancer cell line","ACH-002115","Sex unspecified","Age unspecified",NA,NA,NA,NA,NA,NA,NA,NA,NA,NA,NA,NA,NA,NA,NA,NA,NA,NA,NA,NA,NA,NA,NA,NA,NA,NA,NA,NA,NA,NA,NA,NA,NA,NA,NA,NA,NA,"EW-18","bone","ewings_sarcoma",NA,"949164","Y","Y","Y","Y","Y","MSS/MSI-L","R","Suspension",TRUE,NA,NA,NA,NA,NA,NA,NA
"GDSC_2020(v2-8.2)","MAE","EW-22","EW-22","Bone","Bone","bone","Ewing sarcoma","Ewing sarcoma","CVCL_1214","CVCL_1214","ACH-002116","Cancer cell line","Sex unspecified","Age unspecified",NA,"Cancer cell line",NA,5,NA,TRUE,TRUE,TRUE,TRUE,NA,NA,NA,NA,NA,NA,NA,NA,NA,NA,NA,NA,NA,NA,NA,"EW22_356_2019","'EW22','IARC-EW-22'","C4817","'EW22','IARC-EW-22'","CVCL_1214","Ewing sarcoma","C4817","Cancer cell line","ACH-002116","Sex unspecified","Age unspecified",NA,NA,NA,NA,NA,NA,NA,NA,NA,NA,NA,NA,NA,NA,NA,NA,NA,NA,NA,NA,NA,NA,NA,NA,NA,NA,NA,NA,NA,NA,NA,NA,NA,NA,NA,NA,NA,"EW-22","bone","ewings_sarcoma",NA,"949167","Y","Y","Y","Y","Y","MSS/MSI-L","R","Adherent",TRUE,NA,NA,NA,NA,NA,NA,NA
"GDSC_2020(v2-8.2)","MAE","EW-24","EW-24","Bone","Bone","bone","Ewing sarcoma","Ewing sarcoma","CVCL_1215","CVCL_1215","ACH-002117","Cancer cell line","Sex unspecified","Age unspecified",NA,"Cancer cell line",NA,5,NA,TRUE,TRUE,TRUE,TRUE,NA,NA,NA,NA,NA,NA,NA,NA,NA,NA,NA,NA,NA,NA,NA,"EW24_357_2019","'EW24','IARC-EW-24'","C4817","'EW24','IARC-EW-24'","CVCL_1215","Ewing sarcoma","C4817","Cancer cell line","ACH-002117","Sex unspecified","Age unspecified",NA,NA,NA,NA,NA,NA,NA,NA,NA,NA,NA,NA,NA,NA,NA,NA,NA,NA,NA,NA,NA,NA,NA,NA,NA,NA,NA,NA,NA,NA,NA,NA,NA,NA,NA,NA,NA,"EW-24","bone","ewings_sarcoma",NA,"949168","Y","Y","Y","Y","Y","MSS/MSI-L","R","Semi-Adherent",TRUE,NA,NA,NA,NA,NA,NA,NA
"GDSC_2020(v2-8.2)","MAE","EW-3","EW-3","Bone","Bone","bone","Ewing sarcoma","Ewing sarcoma","CVCL_1216","CVCL_1216","ACH-002118","Cancer cell line","Male","14Y"," Pleural effusion ","Cancer cell line","TRUE",5,NA,TRUE,TRUE,TRUE,TRUE,NA,NA,NA,NA,NA,NA,NA,NA,NA,NA,NA,NA,NA,NA,NA,"EW3_358_2019","'EW3','IARC-EW3','IARC-EW-3','IARC-EW 3'","C4817","'EW3','IARC-EW3','IARC-EW-3','IARC-EW 3'","CVCL_1216","Ewing sarcoma","C4817","Cancer cell line","ACH-002118","Male","14Y"," Pleural effusion ",NA,NA,NA,NA,NA,NA,NA,NA,NA,NA,NA,NA,NA,NA,NA,NA,NA,NA,NA,NA,NA,NA,NA,NA,NA,NA,NA,NA,NA,NA,NA,NA,NA,NA,NA,NA,"EW-3","bone","ewings_sarcoma",NA,"949161","Y","Y","Y","Y","Y","MSS/MSI-L","R","Adherent",TRUE,NA,NA,NA,NA,NA,NA,NA
"GDSC_2020(v2-8.2)","MAE","EW-7","EW-7","Bone","Bone","bone","Ewing sarcoma","Ewing sarcoma","CVCL_1217","CVCL_1217","ACH-002119","Cancer cell line","Female","20Y"," Pleural effusion ","Cancer cell line","TRUE",5,NA,TRUE,TRUE,TRUE,TRUE,NA,NA,NA,NA,NA,NA,NA,NA,NA,NA,NA,NA,NA,NA,NA,"EW7_359_2019","'EW7','IARC-EW7','IARC-EW-7','IARC-EW 7'","C4817","'EW7','IARC-EW7','IARC-EW-7','IARC-EW 7'","CVCL_1217","Ewing sarcoma","C4817","Cancer cell line","ACH-002119","Female","20Y"," Pleural effusion ",NA,NA,NA,NA,NA,NA,NA,NA,NA,NA,NA,NA,NA,NA,NA,NA,NA,NA,NA,NA,NA,NA,NA,NA,NA,NA,NA,NA,NA,NA,NA,NA,NA,NA,NA,NA,"EW-7","bone","ewings_sarcoma",NA,"949160","Y","Y","Y","Y","Y","MSS/MSI-L","R","Semi-Adherent",TRUE,NA,NA,NA,NA,NA,NA,NA
"GDSC_2020(v2-8.2)","MAE","G-292 clone A141B1","G-292 clone A141B1","Bone","Bone","bone","Osteosarcoma","Osteosarcoma","CVCL_2909","CVCL_2909","ACH-000082","Cancer cell line","Female","9Y",NA,"Cancer cell line",NA,3,NA,TRUE,FALSE,TRUE,TRUE,NA,NA,NA,NA,NA,NA,NA,NA,NA,NA,NA,NA,NA,NA,NA,"G292,cloneA141B1_372_2019","'G 292 Clone A 141B1','G-292, clone A141B1','G292CLONEA141B1','G-292','G292'","C9145","'G 292 Clone A 141B1','G-292, clone A141B1','G292CLONEA141B1','G-292','G292'","CVCL_2909","Osteosarcoma","C9145","Cancer cell line","ACH-000082","Female","9Y",NA,NA,NA,NA,NA,NA,NA,NA,NA,NA,NA,NA,NA,NA,NA,NA,NA,NA,NA,NA,NA,NA,NA,NA,NA,NA,NA,NA,NA,NA,NA,NA,NA,NA,NA,NA,NA,"G-292 Clone A141B1","bone","osteosarcoma",NA,"1290807","Y","Y","Y","Y","Y","MSS/MSI-L","R","Adherent",FALSE,NA,NA,NA,NA,NA,NA,NA
"GDSC_2020(v2-8.2)","MAE","GCT","GCT","Soft Tissue","Soft Tissue","soft_tissue","Undifferentiated pleomorphic sarcoma","Undifferentiated pleomorphic sarcoma","CVCL_1229","CVCL_1229","ACH-000835","Cancer cell line","Male","29Y"," Pleural effusion ","Cancer cell line","TRUE",4,NA,TRUE,TRUE,TRUE,TRUE,NA,NA,NA,NA,NA,NA,NA,NA,NA,NA,NA,NA,NA,NA,NA,"GCT_401_2019","'Giant Cell Tumor'","C4247","'Giant Cell Tumor'","CVCL_1229","Undifferentiated pleomorphic sarcoma","C4247","Cancer cell line","ACH-000835","Male","29Y"," Pleural effusion ",NA,NA,NA,NA,NA,NA,NA,NA,NA,NA,NA,NA,NA,NA,NA,NA,NA,NA,NA,NA,NA,NA,NA,NA,NA,NA,NA,NA,NA,NA,NA,NA,NA,NA,NA,NA,"GCT","soft_tissue","soft_tissue_other",NA,"906999","Y","Y","Y","Y","Y","MSS/MSI-L","R","Adherent",FALSE,NA,NA,NA,NA,NA,NA,NA
"GDSC_2020(v2-8.2)","MAE","H-EMC-SS","H-EMC-SS","Bone","Bone","bone","Chondrosarcoma","Extraskeletal myxoid chondrosarcoma","CVCL_1238","CVCL_1238","ACH-001519","Cancer cell line","Female","77Y",NA,"Cancer cell line",NA,5,NA,TRUE,TRUE,TRUE,TRUE,NA,NA,NA,NA,NA,NA,NA,NA,NA,NA,NA,NA,NA,NA,NA,"HEMCSS_419_2019","'HEMCSS','HEMC-SS'","C27502","'HEMCSS','HEMC-SS'","CVCL_1238","Extraskeletal myxoid chondrosarcoma","C27502","Cancer cell line","ACH-001519","Female","77Y",NA,NA,NA,NA,NA,NA,NA,NA,NA,NA,NA,NA,NA,NA,NA,NA,NA,NA,NA,NA,NA,NA,NA,NA,NA,NA,NA,NA,NA,NA,NA,NA,NA,NA,NA,NA,NA,"H-EMC-SS","bone","chondrosarcoma",NA,"907290","Y","Y","Y","Y","Y","MSS/MSI-L","D/F12","Adherent",TRUE,NA,NA,NA,NA,NA,NA,NA
"GDSC_2020(v2-8.2)","MAE","HOS","HOS","Bone","Bone","bone","Osteosarcoma","Osteosarcoma","CVCL_0312","CVCL_0312","ACH-000613","Cancer cell line","Female","13Y",NA,"Cancer cell line",NA,5,NA,TRUE,TRUE,TRUE,TRUE,NA,NA,NA,NA,NA,NA,NA,NA,NA,NA,NA,NA,NA,NA,NA,"HOS_563_2019",NA,"C9145",NA,"CVCL_0312","Osteosarcoma","C9145","Cancer cell line","ACH-000613","Female","13Y",NA,NA,NA,NA,NA,NA,NA,NA,NA,NA,NA,NA,NA,NA,NA,NA,NA,NA,NA,NA,NA,NA,NA,NA,NA,NA,NA,NA,NA,NA,NA,NA,NA,NA,NA,NA,NA,"HOS","bone","osteosarcoma",NA,"907060","Y","Y","Y","Y","Y","MSS/MSI-L","D/F12","Adherent",TRUE,NA,NA,NA,NA,NA,NA,NA
"GDSC_2020(v2-8.2)","MAE","Hs 633.T","Hs 633.T","Soft Tissue","Soft Tissue","misc","Fibrosarcoma","Fibrosarcoma","CVCL_0832","CVCL_0832","ACH-002246","Cancer cell line","Female","25Y",NA,"Cancer cell line",NA,4,NA,TRUE,FALSE,TRUE,TRUE,NA,NA,NA,NA,NA,NA,NA,NA,NA,NA,NA,NA,NA,NA,NA,"Hs633T_615_2019","'Hs-633-T','Hs 633T','HS 633T','HS-633T','Hs633T','MBA/8387','MB 8387','8387','Line 8387','HS 8387'","C3043","'Hs-633-T','Hs 633T','HS 633T','HS-633T','Hs633T','MBA/8387','MB 8387','8387','Line 8387','HS 8387'","CVCL_0832","Fibrosarcoma","C3043","Cancer cell line","ACH-002246","Female","25Y",NA,NA,NA,NA,NA,NA,NA,NA,NA,NA,NA,NA,NA,NA,NA,NA,NA,NA,NA,NA,NA,NA,NA,NA,NA,NA,NA,NA,NA,NA,NA,NA,NA,NA,NA,NA,NA,"Hs633T","soft_tissue","fibrosarcoma",NA,"1240149","Y","N","Y","Y","Y","MSS/MSI-L","D/F12","Adherent",TRUE,NA,NA,NA,NA,NA,NA,NA
"GDSC_2020(v2-8.2)","MAE","HT-1080","HT-1080","Soft Tissue","Soft Tissue","soft_tissue","Fibrosarcoma","Fibrosarcoma","CVCL_0317","CVCL_0317","ACH-000054","Cancer cell line","Male","35Y",NA,"Cancer cell line",NA,4,NA,TRUE,TRUE,TRUE,TRUE,NA,NA,NA,NA,NA,NA,NA,NA,NA,NA,NA,NA,NA,NA,NA,"HT1080_625_2019","'Ht-1080','HT 1080','HT1080','HT 1080.T'","C3043","'Ht-1080','HT 1080','HT1080','HT 1080.T'","CVCL_0317","Fibrosarcoma","C3043","Cancer cell line","ACH-000054","Male","35Y",NA,NA,NA,NA,NA,NA,NA,NA,NA,NA,NA,NA,NA,NA,NA,NA,NA,NA,NA,NA,NA,NA,NA,NA,NA,NA,NA,NA,NA,NA,NA,NA,NA,NA,NA,NA,NA,"HT-1080","soft_tissue","fibrosarcoma",NA,"907064","Y","Y","Y","Y","Y","MSS/MSI-L","D/F12","Adherent",FALSE,NA,NA,NA,NA,NA,NA,NA
"GDSC_2020(v2-8.2)","MAE","HuO-3N1","HuO-3N1","Bone","Bone","bone","Osteosarcoma","Osteosarcoma","CVCL_1297","CVCL_1297","ACH-002142","Cancer cell line","Female","15Y",NA,"Cancer cell line",NA,5,NA,TRUE,TRUE,TRUE,TRUE,NA,NA,NA,NA,NA,NA,NA,NA,NA,NA,NA,NA,NA,NA,NA,"HuO3N1_642_2019","'HuO3N1','HUO3N1'","C9145","'HuO3N1','HUO3N1'","CVCL_1297","Osteosarcoma","C9145","Cancer cell line","ACH-002142","Female","15Y",NA,NA,NA,NA,NA,NA,NA,NA,NA,NA,NA,NA,NA,NA,NA,NA,NA,NA,NA,NA,NA,NA,NA,NA,NA,NA,NA,NA,NA,NA,NA,NA,NA,NA,NA,NA,NA,"HuO-3N1","bone","osteosarcoma",NA,"909977","Y","Y","Y","Y","Y","MSS/MSI-L","R","Adherent",TRUE,NA,NA,NA,NA,NA,NA,NA
"GDSC_2020(v2-8.2)","MAE","HuO9","HuO9","Bone","Bone","bone","Osteosarcoma","Osteosarcoma","CVCL_1298","CVCL_1298","ACH-001526","Cancer cell line","Female","13Y",NA,"Cancer cell line",NA,5,NA,TRUE,TRUE,TRUE,TRUE,NA,NA,NA,NA,NA,NA,NA,NA,NA,NA,NA,NA,NA,NA,NA,"HuO9_643_2019","'Huo9','HUO9','Hu09'","C9145","'Huo9','HUO9','Hu09'","CVCL_1298","Osteosarcoma","C9145","Cancer cell line","ACH-001526","Female","13Y",NA,NA,NA,NA,NA,NA,NA,NA,NA,NA,NA,NA,NA,NA,NA,NA,NA,NA,NA,NA,NA,NA,NA,NA,NA,NA,NA,NA,NA,NA,NA,NA,NA,NA,NA,NA,NA,"HuO9","bone","osteosarcoma",NA,"907072","Y","Y","Y","Y","Y","MSS/MSI-L","R","Adherent",TRUE,NA,NA,NA,NA,NA,NA,NA
"GDSC_2020(v2-8.2)","MAE","KPD","KPD","Bone","Bone","bone","Osteosarcoma","Osteosarcoma","CVCL_B412","CVCL_B412",NA,"Cancer cell line","Male","8Y",NA,"Cancer cell line",NA,3,NA,FALSE,FALSE,TRUE,TRUE,NA,NA,NA,NA,NA,NA,NA,NA,NA,NA,NA,NA,NA,NA,NA,"KPD9352021_","'KPDXM'","C9145","'KPDXM'","CVCL_B412","Osteosarcoma","C9145","Cancer cell line",NA,"Male","8Y",NA,NA,NA,NA,NA,NA,NA,NA,NA,NA,NA,NA,NA,NA,NA,NA,NA,NA,NA,NA,NA,NA,NA,NA,NA,NA,NA,NA,NA,NA,NA,NA,NA,NA,NA,NA,NA,NA,NA,NA,NA,NA,NA,NA,NA,NA,NA,NA,NA,NA,TRUE,NA,NA,NA,NA,NA,NA,NA
"GDSC_2020(v2-8.2)","MAE","KYM-1","KYM-1","Soft Tissue","Soft Tissue","soft_tissue","Alveolar rhabdomyosarcoma","Embryonal rhabdomyosarcoma","CVCL_3007","CVCL_3007","ACH-000607","Cancer cell line","Male","9M",NA,"Cancer cell line",NA,3,NA,TRUE,FALSE,TRUE,TRUE,NA,NA,NA,NA,NA,NA,NA,NA,NA,NA,NA,NA,NA,NA,NA,"KYM1_799_2019","'Kym-1','KYM1'","C8971","'Kym-1','KYM1'","CVCL_3007","Embryonal rhabdomyosarcoma","C8971","Cancer cell line","ACH-000607","Male","9M",NA,NA,NA,NA,NA,NA,NA,NA,NA,NA,NA,NA,NA,NA,NA,NA,NA,NA,NA,NA,NA,NA,NA,NA,NA,NA,NA,NA,NA,NA,NA,NA,NA,NA,NA,NA,NA,"KYM-1","soft_tissue","rhabdomyosarcoma",NA,"1240166","Y","Y","Y","Y","Y","MSS/MSI-L","D/F12","Adherent",FALSE,NA,NA,NA,NA,NA,NA,NA
"GDSC_2020(v2-8.2)","MAE","MES-SA","MES-SA","Uterus","Soft Tissue","endometrium","Uterine corpus sarcoma","Uterine corpus sarcoma","CVCL_1404","CVCL_1404","ACH-000449","Cancer cell line","Female","56Y",NA,"Cancer cell line",NA,4,NA,TRUE,TRUE,TRUE,TRUE,NA,NA,NA,NA,NA,NA,NA,NA,NA,NA,NA,NA,NA,NA,NA,"MESSA_916_2019","'MESSA'","C6339","'MESSA'","CVCL_1404","Uterine corpus sarcoma","C6339","Cancer cell line","ACH-000449","Female","56Y",NA,NA,NA,NA,NA,NA,NA,NA,NA,NA,NA,NA,NA,NA,NA,NA,NA,NA,NA,NA,NA,NA,NA,NA,NA,NA,NA,NA,NA,NA,NA,NA,NA,NA,NA,NA,NA,"MES-SA","urogenital_system","uterus",NA,"908127","Y","Y","Y","Y","Y","MSS/MSI-L","R","Adherent",FALSE,NA,NA,NA,NA,NA,NA,NA
"GDSC_2020(v2-8.2)","MAE","MFH-ino","MFH-ino","Soft Tissue","Soft Tissue","soft_tissue","Undifferentiated pleomorphic sarcoma","Undifferentiated pleomorphic sarcoma","CVCL_1407","CVCL_1407","ACH-002271","Cancer cell line","Female","45Y",NA,"Cancer cell line",NA,5,NA,TRUE,TRUE,TRUE,TRUE,NA,NA,NA,NA,NA,NA,NA,NA,NA,NA,NA,NA,NA,NA,NA,"MFHino_922_2019","'MFH-INO','MFHINO'","C4247","'MFH-INO','MFHINO'","CVCL_1407","Undifferentiated pleomorphic sarcoma","C4247","Cancer cell line","ACH-002271","Female","45Y",NA,NA,NA,NA,NA,NA,NA,NA,NA,NA,NA,NA,NA,NA,NA,NA,NA,NA,NA,NA,NA,NA,NA,NA,NA,NA,NA,NA,NA,NA,NA,NA,NA,NA,NA,NA,NA,"MFH-ino","soft_tissue","soft_tissue_other",NA,"925343","Y","Y","Y","Y","Y","MSS/MSI-L","D/F12","Adherent",TRUE,NA,NA,NA,NA,NA,NA,NA
"GDSC_2020(v2-8.2)","MAE","MG-63","MG-63","Bone","Bone","bone","Osteosarcoma","Osteosarcoma","CVCL_0426","CVCL_0426","ACH-000359","Cancer cell line","Male","14Y"," Bone; left femur ","Cancer cell line",NA,4,NA,TRUE,TRUE,TRUE,TRUE,NA,NA,NA,NA,NA,NA,NA,NA,NA,NA,NA,NA,NA,NA,NA,"MG63_924_2019","'M-G63','MG63'","C9145","'M-G63','MG63'","CVCL_0426","Osteosarcoma","C9145","Cancer cell line","ACH-000359","Male","14Y"," Bone; left femur ",NA,NA,NA,NA,NA,NA,NA,NA,NA,NA,NA,NA,NA,NA,NA,NA,NA,NA,NA,NA,NA,NA,NA,NA,NA,NA,NA,NA,NA,NA,NA,NA,NA,NA,NA,NA,"MG-63","bone","osteosarcoma",NA,"908131","Y","Y","Y","Y","Y","MSS/MSI-L","D/F12","Adherent",FALSE,NA,NA,NA,NA,NA,NA,NA
"GDSC_2020(v2-8.2)","MAE","MHH-ES-1","MHH-ES-1","Bone","Bone","bone","Ewing sarcoma","Ewing sarcoma","CVCL_1411","CVCL_1411","ACH-000391","Cancer cell line","Male","12Y"," Ascites ","Cancer cell line","TRUE",3,NA,FALSE,TRUE,TRUE,TRUE,NA,NA,NA,NA,NA,NA,NA,NA,NA,NA,NA,NA,NA,NA,NA,"MHHES1_928_2019","'MHH-ES1','MHHES1'","C4817","'MHH-ES1','MHHES1'","CVCL_1411","Ewing sarcoma","C4817","Cancer cell line","ACH-000391","Male","12Y"," Ascites ",NA,NA,NA,NA,NA,NA,NA,NA,NA,NA,NA,NA,NA,NA,NA,NA,NA,NA,NA,NA,NA,NA,NA,NA,NA,NA,NA,NA,NA,NA,NA,NA,NA,NA,NA,NA,"MHH-ES-1","bone","ewings_sarcoma",NA,"908134","Y","Y","N","Y","Y","MSS/MSI-L","R","Adherent",FALSE,NA,NA,NA,NA,NA,NA,NA
"GDSC_2020(v2-8.2)","MAE","MHM","MHM","Bone","Bone","bone","Osteosarcoma","Osteosarcoma","CVCL_B426","CVCL_B426",NA,"Cancer cell line","Female","41Y",NA,"Cancer cell line",NA,3,NA,FALSE,FALSE,TRUE,TRUE,NA,NA,NA,NA,NA,NA,NA,NA,NA,NA,NA,NA,NA,NA,NA,"MHM11282021_","'MHMX'","C9145","'MHMX'","CVCL_B426","Osteosarcoma","C9145","Cancer cell line",NA,"Female","41Y",NA,NA,NA,NA,NA,NA,NA,NA,NA,NA,NA,NA,NA,NA,NA,NA,NA,NA,NA,NA,NA,NA,NA,NA,NA,NA,NA,NA,NA,NA,NA,NA,NA,NA,NA,NA,NA,NA,NA,NA,NA,NA,NA,NA,NA,NA,NA,NA,NA,NA,TRUE,NA,NA,NA,NA,NA,NA,NA
"GDSC_2020(v2-8.2)","MAE","NOS-1 [Human osteosarcoma]","NOS-1 [Human osteosarcoma]","Bone","Bone","bone","Osteosarcoma","Osteosarcoma","CVCL_1610","CVCL_1610","ACH-002067","Cancer cell line","Male","16Y",NA,"Cancer cell line",NA,5,NA,TRUE,TRUE,TRUE,TRUE,NA,NA,NA,NA,NA,NA,NA,NA,NA,NA,NA,NA,NA,NA,NA,"NOS1_1166_2019","'NOS1'","C9145","'NOS1'","CVCL_1610","Osteosarcoma","C9145","Cancer cell line","ACH-002067","Male","16Y",NA,NA,NA,NA,NA,NA,NA,NA,NA,NA,NA,NA,NA,NA,NA,NA,NA,NA,NA,NA,NA,NA,NA,NA,NA,NA,NA,NA,NA,NA,NA,NA,NA,NA,NA,NA,NA,"NOS-1","bone","osteosarcoma",NA,"925345","Y","Y","Y","Y","Y","MSS/MSI-L","R","Adherent",TRUE,NA,NA,NA,NA,NA,NA,NA
"GDSC_2020(v2-8.2)","MAE","NY","NY","Bone","Bone","bone","Osteosarcoma","Osteosarcoma","CVCL_1613","CVCL_1613","ACH-002178","Cancer cell line","Male","15Y",NA,"Cancer cell line",NA,5,NA,TRUE,TRUE,TRUE,TRUE,NA,NA,NA,NA,NA,NA,NA,NA,NA,NA,NA,NA,NA,NA,NA,"NY_1175_2019",NA,"C9145",NA,"CVCL_1613","Osteosarcoma","C9145","Cancer cell line","ACH-002178","Male","15Y",NA,NA,NA,NA,NA,NA,NA,NA,NA,NA,NA,NA,NA,NA,NA,NA,NA,NA,NA,NA,NA,NA,NA,NA,NA,NA,NA,NA,NA,NA,NA,NA,NA,NA,NA,NA,NA,"NY","bone","osteosarcoma",NA,"910849","Y","Y","Y","Y","Y","MSS/MSI-L","D/F12","Adherent",TRUE,NA,NA,NA,NA,NA,NA,NA
"GDSC_2020(v2-8.2)","MAE","OHS","OHS","Bone","Bone","bone","Osteosarcoma","Osteosarcoma","CVCL_B450","CVCL_B450",NA,"Cancer cell line","Male","14Y",NA,"Cancer cell line",NA,3,NA,FALSE,FALSE,TRUE,TRUE,NA,NA,NA,NA,NA,NA,NA,NA,NA,NA,NA,NA,NA,NA,NA,"OHS15012021_","'OHSX','OHS/X','OHS-50','OHS-50T'","C9145","'OHSX','OHS/X','OHS-50','OHS-50T'","CVCL_B450","Osteosarcoma","C9145","Cancer cell line",NA,"Male","14Y",NA,NA,NA,NA,NA,NA,NA,NA,NA,NA,NA,NA,NA,NA,NA,NA,NA,NA,NA,NA,NA,NA,NA,NA,NA,NA,NA,NA,NA,NA,NA,NA,NA,NA,NA,NA,NA,NA,NA,NA,NA,NA,NA,NA,NA,NA,NA,NA,NA,NA,TRUE,NA,NA,NA,NA,NA,NA,NA
"GDSC_2020(v2-8.2)","MAE","RD","RD","Soft Tissue","Soft Tissue","soft_tissue","Embryonal rhabdomyosarcoma","Embryonal rhabdomyosarcoma","CVCL_1649","CVCL_1649","ACH-000169","Cancer cell line","Female","7Y",NA,"Cancer cell line",NA,4,NA,TRUE,TRUE,TRUE,TRUE,NA,NA,NA,NA,NA,NA,NA,NA,NA,NA,NA,NA,NA,NA,NA,"RD_1296_2019","'R D','RD-2','RD 2','130T','130-T','130 T','TE-32','TE 32','TE32','TE 32.T','Te 32.T'","C8971","'R D','RD-2','RD 2','130T','130-T','130 T','TE-32','TE 32','TE32','TE 32.T','Te 32.T'","CVCL_1649","Embryonal rhabdomyosarcoma","C8971","Cancer cell line","ACH-000169","Female","7Y",NA,NA,NA,NA,NA,NA,NA,NA,NA,NA,NA,NA,NA,NA,NA,NA,NA,NA,NA,NA,NA,NA,NA,NA,NA,NA,NA,NA,NA,NA,NA,NA,NA,NA,NA,NA,NA,"RD","soft_tissue","rhabdomyosarcoma",NA,"909264","Y","Y","Y","Y","Y","MSS/MSI-L","D/F12","Adherent",FALSE,NA,NA,NA,NA,NA,NA,NA
"GDSC_2020(v2-8.2)","MAE","Rh1","Rh1","Bone","Bone","soft_tissue","Ewing sarcoma","Ewing sarcoma","CVCL_1658","CVCL_1658","ACH-002194","Cancer cell line","Male",NA," Bone marrow ","Cancer cell line","TRUE",5,NA,TRUE,TRUE,TRUE,TRUE,NA,NA,NA,NA,NA,NA,NA,NA,NA,NA,NA,NA,NA,NA,NA,"RH1_1310_2019","'RH1','RH-1','Rh-1','SJRH-1','SJRH1'","C4817","'RH1','RH-1','Rh-1','SJRH-1','SJRH1'","CVCL_1658","Ewing sarcoma","C4817","Cancer cell line","ACH-002194","Male",NA," Bone marrow ",NA,NA,NA,NA,NA,NA,NA,NA,NA,NA,NA,NA,NA,NA,NA,NA,NA,NA,NA,NA,NA,NA,NA,NA,NA,NA,NA,NA,NA,NA,NA,NA,NA,NA,NA,NA,"RH-1","soft_tissue","rhabdomyosarcoma",NA,"971773","Y","Y","Y","Y","Y","MSS/MSI-L","R","Adherent",TRUE,NA,NA,NA,NA,NA,NA,NA
"GDSC_2020(v2-8.2)","MAE","Rh18","Rh18","Soft Tissue","Soft Tissue","soft_tissue","Alveolar rhabdomyosarcoma","Alveolar rhabdomyosarcoma","CVCL_1659","CVCL_1659","ACH-000689","Cancer cell line","Female","2Y",NA,"Cancer cell line",NA,4,NA,TRUE,TRUE,TRUE,TRUE,NA,NA,NA,NA,NA,NA,NA,NA,NA,NA,NA,NA,NA,NA,NA,"RH18_1311_2019","'RH18','RH-18','Rh-18','Rh 18','SJRH-18','SJRH18'","C3749","'RH18','RH-18','Rh-18','Rh 18','SJRH-18','SJRH18'","CVCL_1659","Alveolar rhabdomyosarcoma","C3749","Cancer cell line","ACH-000689","Female","2Y",NA,NA,NA,NA,NA,NA,NA,NA,NA,NA,NA,NA,NA,NA,NA,NA,NA,NA,NA,NA,NA,NA,NA,NA,NA,NA,NA,NA,NA,NA,NA,NA,NA,NA,NA,NA,NA,"RH-18","soft_tissue","rhabdomyosarcoma",NA,"971774","Y","Y","Y","Y","Y","MSS/MSI-L","R","Adherent",FALSE,NA,NA,NA,NA,NA,NA,NA
"GDSC_2020(v2-8.2)","MAE","Rh30","Rh30","Soft Tissue","Soft Tissue","soft_tissue","Alveolar rhabdomyosarcoma","Alveolar rhabdomyosarcoma","CVCL_0041","CVCL_0041","ACH-000833","Cancer cell line","Male","17Y"," Bone marrow ","Cancer cell line","TRUE",5,NA,TRUE,TRUE,TRUE,TRUE,NA,NA,NA,NA,NA,NA,NA,NA,NA,NA,NA,NA,NA,NA,NA,"RH30_1312_2019","'RH30','RH-30','Rh-30','RH30SJ','SJRH-30','SJRH30','SJ-RH30','SJ-Rh 30','SJRH 30','SJCRH30','RC13','RMS-13, RMS 13','RMS13'","C3749","'RH30','RH-30','Rh-30','RH30SJ','SJRH-30','SJRH30','SJ-RH30','SJ-Rh 30','SJRH 30','SJCRH30','RC13','RMS-13, RMS 13','RMS13'","CVCL_0041","Alveolar rhabdomyosarcoma","C3749","Cancer cell line","ACH-000833","Male","17Y"," Bone marrow ",NA,NA,NA,NA,NA,NA,NA,NA,NA,NA,NA,NA,NA,NA,NA,NA,NA,NA,NA,NA,NA,NA,NA,NA,NA,NA,NA,NA,NA,NA,NA,NA,NA,NA,NA,NA,"SJRH30","soft_tissue","rhabdomyosarcoma",NA,"909716","Y","Y","Y","Y","Y","MSS/MSI-L","R","Adherent",TRUE,NA,NA,NA,NA,NA,NA,NA
"GDSC_2020(v2-8.2)","MAE","Rh41","Rh41","Soft Tissue","Soft Tissue","soft_tissue","Alveolar rhabdomyosarcoma","Alveolar rhabdomyosarcoma","CVCL_2176","CVCL_2176","ACH-000100","Cancer cell line","Female","7Y",NA,"Cancer cell line",NA,3,NA,TRUE,FALSE,TRUE,TRUE,NA,NA,NA,NA,NA,NA,NA,NA,NA,NA,NA,NA,NA,NA,NA,"RH41_1313_2019","'RH41','RH-41','Rh-41','SJ-Rh41'","C3749","'RH41','RH-41','Rh-41','SJ-Rh41'","CVCL_2176","Alveolar rhabdomyosarcoma","C3749","Cancer cell line","ACH-000100","Female","7Y",NA,NA,NA,NA,NA,NA,NA,NA,NA,NA,NA,NA,NA,NA,NA,NA,NA,NA,NA,NA,NA,NA,NA,NA,NA,NA,NA,NA,NA,NA,NA,NA,NA,NA,NA,NA,NA,"RH-41","soft_tissue","rhabdomyosarcoma",NA,"1240210","Y","Y","Y","Y","Y","MSS/MSI-L","R","Adherent",FALSE,NA,NA,NA,NA,NA,NA,NA
"GDSC_2020(v2-8.2)","MAE","RKN","RKN","Soft Tissue","Soft Tissue","soft_tissue","Ovarian leiomyosarcoma","Ovarian leiomyosarcoma","CVCL_3156","CVCL_3156","ACH-000505","Cancer cell line","Female","45Y",NA,"Cancer cell line",NA,3,NA,TRUE,FALSE,TRUE,TRUE,NA,NA,NA,NA,NA,NA,NA,NA,NA,NA,NA,NA,NA,NA,NA,"RKN_1315_2019",NA,"C5234",NA,"CVCL_3156","Ovarian leiomyosarcoma","C5234","Cancer cell line","ACH-000505","Female","45Y",NA,NA,NA,NA,NA,NA,NA,NA,NA,NA,NA,NA,NA,NA,NA,NA,NA,NA,NA,NA,NA,NA,NA,NA,NA,NA,NA,NA,NA,NA,NA,NA,NA,NA,NA,NA,NA,"RKN","urogenital_system","ovary",NA,"1298539","Y","Y","Y","Y","Y","MSS/MSI-L","D/F12","Adherent",FALSE,NA,NA,NA,NA,NA,NA,NA
"GDSC_2020(v2-8.2)","MAE","SaOS-2","SaOS-2","Bone","Bone","bone","Osteosarcoma","Osteosarcoma","CVCL_0548","CVCL_0548","ACH-000410","Cancer cell line","Female","11Y",NA,"Cancer cell line",NA,4,NA,TRUE,TRUE,TRUE,TRUE,NA,NA,NA,NA,NA,NA,NA,NA,NA,NA,NA,NA,NA,NA,NA,"Saos2_1343_2019","'SAOS-2','Saos-2','SAOS 2','Saos 2','Saos2','SaOs2','SAOS2','Sarcoma OSteogenic-2','SaOS','SAOS'","C9145","'SAOS-2','Saos-2','SAOS 2','Saos 2','Saos2','SaOs2','SAOS2','Sarcoma OSteogenic-2','SaOS','SAOS'","CVCL_0548","Osteosarcoma","C9145","Cancer cell line","ACH-000410","Female","11Y",NA,NA,NA,NA,NA,NA,NA,NA,NA,NA,NA,NA,NA,NA,NA,NA,NA,NA,NA,NA,NA,NA,NA,NA,NA,NA,NA,NA,NA,NA,NA,NA,NA,NA,NA,NA,NA,"Saos-2","bone","osteosarcoma",NA,"909707","Y","Y","Y","Y","Y","MSS/MSI-L","R","Adherent",FALSE,NA,NA,NA,NA,NA,NA,NA
"GDSC_2020(v2-8.2)","MAE","Sarc9371","Sarc9371","Bone","Bone","bone","Osteosarcoma","Osteosarcoma","CVCL_5G89","CVCL_5G89","ACH-002396","Cancer cell line",NA,NA,NA,"Cancer cell line",NA,3,NA,FALSE,FALSE,TRUE,TRUE,NA,NA,NA,NA,NA,NA,NA,NA,NA,NA,NA,NA,NA,NA,NA,"Sarc9371_1344_2019","'SARC9371'","C9145","'SARC9371'","CVCL_5G89","Osteosarcoma","C9145","Cancer cell line","ACH-002396",NA,NA,NA,NA,NA,NA,NA,NA,NA,NA,NA,NA,NA,NA,NA,NA,NA,NA,NA,NA,NA,NA,NA,NA,NA,NA,NA,NA,NA,NA,NA,NA,NA,NA,NA,NA,NA,NA,NA,NA,NA,NA,NA,NA,NA,NA,NA,NA,NA,NA,NA,NA,TRUE,NA,NA,NA,NA,NA,NA,NA
"GDSC_2020(v2-8.2)","MAE","SJSA-1","SJSA-1","Bone","Bone","bone","Osteosarcoma","Osteosarcoma","CVCL_1697","CVCL_1697","ACH-000748","Cancer cell line","Male","19Y",NA,"Cancer cell line",NA,4,NA,TRUE,TRUE,TRUE,TRUE,NA,NA,NA,NA,NA,NA,NA,NA,NA,NA,NA,NA,NA,NA,NA,"SJSA1_1382_2019","'SJSA1','SJSA','OsA-CL','OSA-CL','OsACL','OSACL','Os-A','OSA','OsA'","C9145","'SJSA1','SJSA','OsA-CL','OSA-CL','OsACL','OSACL','Os-A','OSA','OsA'","CVCL_1697","Osteosarcoma","C9145","Cancer cell line","ACH-000748","Male","19Y",NA,NA,NA,NA,NA,NA,NA,NA,NA,NA,NA,NA,NA,NA,NA,NA,NA,NA,NA,NA,NA,NA,NA,NA,NA,NA,NA,NA,NA,NA,NA,NA,NA,NA,NA,NA,NA,"SJSA-1","bone","bone_other",NA,"909717","Y","Y","Y","Y","Y","MSS/MSI-L","R","Adherent",FALSE,NA,NA,NA,NA,NA,NA,NA
"GDSC_2020(v2-8.2)","MAE","SK-ES-1","SK-ES-1","Bone","Bone","bone","Ewing sarcoma","Ewing sarcoma","CVCL_0627","CVCL_0627","ACH-000087","Cancer cell line","Male","18Y",NA,"Cancer cell line",NA,3,NA,TRUE,FALSE,TRUE,TRUE,NA,NA,NA,NA,NA,NA,NA,NA,NA,NA,NA,NA,NA,NA,NA,"SKES1_1387_2019","'Sk-Es-1','Sk-ES-1','SK ES 01','SK-ES1','SKES-1','SKES1','SK-ES'","C4817","'Sk-Es-1','Sk-ES-1','SK ES 01','SK-ES1','SKES-1','SKES1','SK-ES'","CVCL_0627","Ewing sarcoma","C4817","Cancer cell line","ACH-000087","Male","18Y",NA,NA,NA,NA,NA,NA,NA,NA,NA,NA,NA,NA,NA,NA,NA,NA,NA,NA,NA,NA,NA,NA,NA,NA,NA,NA,NA,NA,NA,NA,NA,NA,NA,NA,NA,NA,NA,"SK-ES-1","bone","ewings_sarcoma",NA,"684072","Y","Y","Y","Y","Y","MSS/MSI-L","R","Semi-Adherent",FALSE,NA,NA,NA,NA,NA,NA,NA
"GDSC_2020(v2-8.2)","MAE","SK-LMS-1","SK-LMS-1","Soft Tissue","Soft Tissue","soft_tissue","Vulvar leiomyosarcoma","Vulvar leiomyosarcoma","CVCL_0628","CVCL_0628","ACH-000145","Cancer cell line","Female","43Y",NA,"Cancer cell line",NA,4,NA,TRUE,TRUE,TRUE,TRUE,NA,NA,NA,NA,NA,NA,NA,NA,NA,NA,NA,NA,NA,NA,NA,"SKLMS1_1391_2019","'SKLMS-1','SKLMS1'","C40318","'SKLMS-1','SKLMS1'","CVCL_0628","Vulvar leiomyosarcoma","C40318","Cancer cell line","ACH-000145","Female","43Y",NA,NA,NA,NA,NA,NA,NA,NA,NA,NA,NA,NA,NA,NA,NA,NA,NA,NA,NA,NA,NA,NA,NA,NA,NA,NA,NA,NA,NA,NA,NA,NA,NA,NA,NA,NA,NA,"SK-LMS-1","soft_tissue","soft_tissue_other",NA,"909720","Y","Y","Y","Y","Y","MSS/MSI-L","D/F12","Adherent",FALSE,NA,NA,NA,NA,NA,NA,NA
"GDSC_2020(v2-8.2)","MAE","SK-NEP-1","SK-NEP-1","Bone","Bone","bone","Ewing sarcoma","Ewing sarcoma","CVCL_0631","CVCL_0631","ACH-001192","Cancer cell line","Female","25Y"," Pleural effusion ","Cancer cell line","TRUE",5,NA,TRUE,TRUE,TRUE,TRUE,NA,NA,NA,NA,NA,NA,NA,NA,NA,NA,NA,NA,NA,NA,NA,"SKNEP1_1410_2019","'SKNEP-1','SKNEP1','SKNEP'","C4817","'SKNEP-1','SKNEP1','SKNEP'","CVCL_0631","Ewing sarcoma","C4817","Cancer cell line","ACH-001192","Female","25Y"," Pleural effusion ",NA,NA,NA,NA,NA,NA,NA,NA,NA,NA,NA,NA,NA,NA,NA,NA,NA,NA,NA,NA,NA,NA,NA,NA,NA,NA,NA,NA,NA,NA,NA,NA,NA,NA,NA,NA,NA,NA,NA,NA,NA,NA,NA,NA,NA,NA,NA,NA,NA,TRUE,NA,NA,NA,NA,NA,NA,NA
"GDSC_2020(v2-8.2)","MAE","SK-UT-1","SK-UT-1","Uterus","Soft Tissue","soft_tissue","Uterine corpus leiomyosarcoma","Uterine corpus leiomyosarcoma","CVCL_0533","CVCL_0533","ACH-000939","Cancer cell line","Female","75Y",NA,"Cancer cell line",NA,4,NA,TRUE,TRUE,TRUE,TRUE,NA,NA,NA,NA,NA,NA,NA,NA,NA,NA,NA,NA,NA,NA,NA,"SKUT1_1415_2019","'SK UT 1','SKUT-1','SKUT1','Skut1'","C6340","'SK UT 1','SKUT-1','SKUT1','Skut1'","CVCL_0533","Uterine corpus leiomyosarcoma","C6340","Cancer cell line","ACH-000939","Female","75Y",NA,NA,NA,NA,NA,NA,NA,NA,NA,NA,NA,NA,NA,NA,NA,NA,NA,NA,NA,NA,NA,NA,NA,NA,NA,NA,NA,NA,NA,NA,NA,NA,NA,NA,NA,NA,NA,"SK-UT-1","soft_tissue","soft_tissue_other",NA,"909732","Y","Y","Y","Y","Y","MSI-H","D/F12","Adherent",FALSE,NA,NA,NA,NA,NA,NA,NA
"GDSC_2020(v2-8.2)","MAE","SW684","SW684","Soft Tissue","Soft Tissue","soft_tissue","Fibrosarcoma","Fibrosarcoma","CVCL_1726","CVCL_1726","ACH-002309","Cancer cell line","Male","68Y",NA,"Cancer cell line",NA,5,NA,TRUE,TRUE,TRUE,TRUE,NA,NA,NA,NA,NA,NA,NA,NA,NA,NA,NA,NA,NA,NA,NA,"SW684_1543_2019","'SW-684','SW 684'","C3043","'SW-684','SW 684'","CVCL_1726","Fibrosarcoma","C3043","Cancer cell line","ACH-002309","Male","68Y",NA,NA,NA,NA,NA,NA,NA,NA,NA,NA,NA,NA,NA,NA,NA,NA,NA,NA,NA,NA,NA,NA,NA,NA,NA,NA,NA,NA,NA,NA,NA,NA,NA,NA,NA,NA,NA,"SW684","soft_tissue","fibrosarcoma",NA,"909754","Y","Y","Y","Y","Y","MSS/MSI-L","D/F12","Adherent",TRUE,NA,NA,NA,NA,NA,NA,NA
"GDSC_2020(v2-8.2)","MAE","SW872","SW872","Soft Tissue","Soft Tissue","soft_tissue","Liposarcoma","Liposarcoma","CVCL_1730","CVCL_1730","ACH-002310","Cancer cell line","Male","36Y",NA,"Cancer cell line",NA,5,NA,TRUE,TRUE,TRUE,TRUE,NA,NA,NA,NA,NA,NA,NA,NA,NA,NA,NA,NA,NA,NA,NA,"SW872_1547_2019","'SW-872','SW 872'","C3194","'SW-872','SW 872'","CVCL_1730","Liposarcoma","C3194","Cancer cell line","ACH-002310","Male","36Y",NA,NA,NA,NA,NA,NA,NA,NA,NA,NA,NA,NA,NA,NA,NA,NA,NA,NA,NA,NA,NA,NA,NA,NA,NA,NA,NA,NA,NA,NA,NA,NA,NA,NA,NA,NA,NA,"SW872","soft_tissue","soft_tissue_other",NA,"909756","Y","Y","Y","Y","Y","MSS/MSI-L","D/F12","Adherent",TRUE,NA,NA,NA,NA,NA,NA,NA
"GDSC_2020(v2-8.2)","MAE","SW982","SW982","Soft Tissue","Soft Tissue","soft_tissue","Biphasic synovial sarcoma","Biphasic synovial sarcoma","CVCL_1734","CVCL_1734","ACH-001274","Cancer cell line","Female","25Y",NA,"Cancer cell line",NA,5,NA,TRUE,TRUE,TRUE,TRUE,NA,NA,NA,NA,NA,NA,NA,NA,NA,NA,NA,NA,NA,NA,NA,"SW982_1552_2019","'SW-982','SW 982'","C4279","'SW-982','SW 982'","CVCL_1734","Biphasic synovial sarcoma","C4279","Cancer cell line","ACH-001274","Female","25Y",NA,NA,NA,NA,NA,NA,NA,NA,NA,NA,NA,NA,NA,NA,NA,NA,NA,NA,NA,NA,NA,NA,NA,NA,NA,NA,NA,NA,NA,NA,NA,NA,NA,NA,NA,NA,NA,"SW982","soft_tissue","soft_tissue_other",NA,"909759","Y","Y","Y","Y","Y","MSS/MSI-L","D/F12","Adherent",TRUE,NA,NA,NA,NA,NA,NA,NA
"GDSC_2020(v2-8.2)","MAE","T1-73","T1-73","Bone","Bone","bone","Osteosarcoma","Osteosarcoma","CVCL_3605","CVCL_3605","ACH-000529","Cancer cell line","Sex unspecified","Age unspecified",NA,"Cancer cell line",NA,3,NA,FALSE,TRUE,TRUE,TRUE,NA,NA,NA,NA,NA,NA,NA,NA,NA,NA,NA,NA,NA,NA,NA,"TI73_1594_2019","'TI-73','T173'","C9145","'TI-73','T173'","CVCL_3605","Osteosarcoma","C9145","Cancer cell line","ACH-000529","Sex unspecified","Age unspecified",NA,NA,NA,NA,NA,NA,NA,NA,NA,NA,NA,NA,NA,NA,NA,NA,NA,NA,NA,NA,NA,NA,NA,NA,NA,NA,NA,NA,NA,NA,NA,NA,NA,NA,NA,NA,NA,NA,NA,NA,NA,NA,NA,NA,NA,NA,NA,NA,NA,NA,FALSE,NA,NA,NA,NA,NA,NA,NA
"GDSC_2020(v2-8.2)","MAE","TC-71","TC-71","Bone","Bone","bone","Ewing sarcoma","Ewing sarcoma","CVCL_2213","CVCL_2213","ACH-000424","Cancer cell line","Male","22Y",NA,"Cancer cell line",NA,3,NA,TRUE,FALSE,TRUE,TRUE,NA,NA,NA,NA,NA,NA,NA,NA,NA,NA,NA,NA,NA,NA,NA,"TC71_1567_2019","'TC71','GM11654'","C4817","'TC71','GM11654'","CVCL_2213","Ewing sarcoma","C4817","Cancer cell line","ACH-000424","Male","22Y",NA,NA,NA,NA,NA,NA,NA,NA,NA,NA,NA,NA,NA,NA,NA,NA,NA,NA,NA,NA,NA,NA,NA,NA,NA,NA,NA,NA,NA,NA,NA,NA,NA,NA,NA,NA,NA,"TC-71","bone","ewings_sarcoma",NA,"1240221","Y","Y","Y","Y","Y","MSS/MSI-L","D/F12","Adherent",FALSE,NA,NA,NA,NA,NA,NA,NA
"GDSC_2020(v2-8.2)","MAE","TE 441.T","TE 441.T","Soft Tissue","Soft Tissue","soft_tissue","Rhabdomyosarcoma","Rhabdomyosarcoma","CVCL_1754","CVCL_1754","ACH-000772","Cancer cell line","Female","14Y",NA,"Cancer cell line",NA,5,NA,TRUE,TRUE,TRUE,TRUE,NA,NA,NA,NA,NA,NA,NA,NA,NA,NA,NA,NA,NA,NA,NA,"TE441.T_1573_2019","'TE-441-T','TE441T'","C3359","'TE-441-T','TE441T'","CVCL_1754","Rhabdomyosarcoma","C3359","Cancer cell line","ACH-000772","Female","14Y",NA,NA,NA,NA,NA,NA,NA,NA,NA,NA,NA,NA,NA,NA,NA,NA,NA,NA,NA,NA,NA,NA,NA,NA,NA,NA,NA,NA,NA,NA,NA,NA,NA,NA,NA,NA,NA,"TE-441-T","soft_tissue","rhabdomyosarcoma",NA,"924248","Y","Y","Y","Y","Y","MSS/MSI-L","D/F12","Adherent",TRUE,NA,NA,NA,NA,NA,NA,NA
"GDSC_2020(v2-8.2)","MAE","U2OS","U2OS","Bone","Bone","bone","Osteosarcoma","Osteosarcoma","CVCL_0042","CVCL_0042","ACH-000364","Cancer cell line","Female","15Y",NA,"Cancer cell line",NA,4,NA,TRUE,TRUE,TRUE,TRUE,NA,NA,NA,NA,NA,NA,NA,NA,NA,NA,NA,NA,NA,NA,NA,"U2OS_1619_2019","'U-2 OS','U-2OS','U-2-OS','U2-OS','U20-S','U20S','2T'","C9145","'U-2 OS','U-2OS','U-2-OS','U2-OS','U20-S','U20S','2T'","CVCL_0042","Osteosarcoma","C9145","Cancer cell line","ACH-000364","Female","15Y",NA,NA,NA,NA,NA,NA,NA,NA,NA,NA,NA,NA,NA,NA,NA,NA,NA,NA,NA,NA,NA,NA,NA,NA,NA,NA,NA,NA,NA,NA,NA,NA,NA,NA,NA,NA,NA,"U-2-OS","bone","osteosarcoma",NA,"909776","Y","Y","Y","Y","Y","MSS/MSI-L","R","Adherent",FALSE,NA,NA,NA,NA,NA,NA,NA
"GDSC_2020(v2-8.2)","MAE","VA-ES-BJ","VA-ES-BJ","Soft Tissue","Soft Tissue","bone","Epithelioid sarcoma","Epithelioid sarcoma","CVCL_1785","CVCL_1785","ACH-001702","Cancer cell line","Male","41Y"," Bone marrow ","Cancer cell line","TRUE",5,NA,TRUE,TRUE,TRUE,TRUE,NA,NA,NA,NA,NA,NA,NA,NA,NA,NA,NA,NA,NA,NA,NA,"VAESBJ_1651_2019","'VAESBJ','Valhalla-Epithelioid Sarcoma-BJ'","C3714","'VAESBJ','Valhalla-Epithelioid Sarcoma-BJ'","CVCL_1785","Epithelioid sarcoma","C3714","Cancer cell line","ACH-001702","Male","41Y"," Bone marrow ",NA,NA,NA,NA,NA,NA,NA,NA,NA,NA,NA,NA,NA,NA,NA,NA,NA,NA,NA,NA,NA,NA,NA,NA,NA,NA,NA,NA,NA,NA,NA,NA,NA,NA,NA,NA,"VA-ES-BJ","soft_tissue","soft_tissue_other",NA,"688121","Y","Y","Y","Y","Y","MSS/MSI-L","D/F12","Adherent",TRUE,NA,NA,NA,NA,NA,NA,NA
"PRISM_2020","SE","A-204","A-204","Soft Tissue","Soft Tissue",NA,NA,"Embryonal rhabdomyosarcoma",NA,"CVCL_1058","ACH-000201","Cancer cell line","Female","1Y",NA,NA,NA,1,NA,NA,NA,NA,TRUE,NA,NA,NA,NA,NA,NA,NA,NA,NA,NA,NA,NA,NA,NA,NA,NA,"'A204'","C8971","'A204'","CVCL_1058","Embryonal rhabdomyosarcoma","C8971","Cancer cell line","ACH-000201","Female","1Y",NA,NA,NA,NA,NA,NA,NA,NA,NA,NA,NA,NA,NA,NA,NA,NA,NA,NA,NA,NA,NA,NA,NA,NA,NA,NA,NA,NA,NA,NA,NA,NA,NA,NA,NA,NA,NA,NA,NA,NA,NA,NA,NA,NA,NA,NA,NA,NA,NA,NA,NA,"A204_SOFT_TISSUE","rhabdoid","ACH-000201","rhabdoid",NA,NA,"TRUE"
"PRISM_2020","SE","A-673","A-673","Bone","Bone",NA,NA,"Ewing sarcoma",NA,"CVCL_0080","ACH-000052","Cancer cell line","Female","15Y",NA,NA,NA,1,NA,NA,NA,NA,TRUE,NA,NA,NA,NA,NA,NA,NA,NA,NA,NA,NA,NA,NA,NA,NA,NA,"'A673','RMS 1598','RMS1598'","C4817","'A673','RMS 1598','RMS1598'","CVCL_0080","Ewing sarcoma","C4817","Cancer cell line","ACH-000052","Female","15Y",NA,NA,NA,NA,NA,NA,NA,NA,NA,NA,NA,NA,NA,NA,NA,NA,NA,NA,NA,NA,NA,NA,NA,NA,NA,NA,NA,NA,NA,NA,NA,NA,NA,NA,NA,NA,NA,NA,NA,NA,NA,NA,NA,NA,NA,NA,NA,NA,NA,NA,NA,"A673_BONE","bone","ACH-000052","bone","Ewing_sarcoma",NA,"TRUE"
"PRISM_2020","SE","CADO-ES1","CADO-ES1","Bone","Bone",NA,NA,"Ewing sarcoma",NA,"CVCL_1103","ACH-000210","Cancer cell line","Female","19Y"," Pleural effusion ",NA,NA,1,NA,NA,NA,NA,TRUE,NA,NA,NA,NA,NA,NA,NA,NA,NA,NA,NA,NA,NA,NA,NA,NA,"'CADO-ES-1','Cado-ES-1','CADO ES1','CADOES1','CADO-ES','Cado-ES','ESCADO1','Center for Adult Diseases Osaka-Ewing Sarcoma 1'","C4817","'CADO-ES-1','Cado-ES-1','CADO ES1','CADOES1','CADO-ES','Cado-ES','ESCADO1','Center for Adult Diseases Osaka-Ewing Sarcoma 1'","CVCL_1103","Ewing sarcoma","C4817","Cancer cell line","ACH-000210","Female","19Y"," Pleural effusion ",NA,NA,NA,NA,NA,NA,NA,NA,NA,NA,NA,NA,NA,NA,NA,NA,NA,NA,NA,NA,NA,NA,NA,NA,NA,NA,NA,NA,NA,NA,NA,NA,NA,NA,NA,NA,NA,NA,NA,NA,NA,NA,NA,NA,NA,NA,NA,NA,NA,NA,"CADOES1_BONE","bone","ACH-000210","bone","Ewing_sarcoma",NA,"TRUE"
"PRISM_2020","SE","CAL-78","CAL-78","Bone","Bone",NA,NA,"Dedifferentiated chondrosarcoma",NA,"CVCL_1809","ACH-000516","Cancer cell line","Male","76Y",NA,NA,NA,1,NA,NA,NA,NA,TRUE,NA,NA,NA,NA,NA,NA,NA,NA,NA,NA,NA,NA,NA,NA,NA,NA,"'CAL 78','CAL78','Centre Antoine Lacassagne-78'","C6476","'CAL 78','CAL78','Centre Antoine Lacassagne-78'","CVCL_1809","Dedifferentiated chondrosarcoma","C6476","Cancer cell line","ACH-000516","Male","76Y",NA,NA,NA,NA,NA,NA,NA,NA,NA,NA,NA,NA,NA,NA,NA,NA,NA,NA,NA,NA,NA,NA,NA,NA,NA,NA,NA,NA,NA,NA,NA,NA,NA,NA,NA,NA,NA,NA,NA,NA,NA,NA,NA,NA,NA,NA,NA,NA,NA,NA,NA,"CAL78_BONE","bone","ACH-000516","bone","chondrosarcoma",NA,"TRUE"
"PRISM_2020","SE","ESS-1","ESS-1","Uterus","Soft Tissue",NA,NA,"Endometrioid stromal sarcoma",NA,"CVCL_1205","ACH-000913","Cancer cell line","Female","76Y",NA,NA,NA,1,NA,NA,NA,NA,TRUE,NA,NA,NA,NA,NA,NA,NA,NA,NA,NA,NA,NA,NA,NA,NA,NA,"'ESS1','Endometrial Stromal Sarcoma-1'","C8973","'ESS1','Endometrial Stromal Sarcoma-1'","CVCL_1205","Endometrioid stromal sarcoma","C8973","Cancer cell line","ACH-000913","Female","76Y",NA,NA,NA,NA,NA,NA,NA,NA,NA,NA,NA,NA,NA,NA,NA,NA,NA,NA,NA,NA,NA,NA,NA,NA,NA,NA,NA,NA,NA,NA,NA,NA,NA,NA,NA,NA,NA,NA,NA,NA,NA,NA,NA,NA,NA,NA,NA,NA,NA,NA,NA,"ESS1_ENDOMETRIUM","uterus","ACH-000913","uterus","uterus_endometrium",NA,"TRUE"
"PRISM_2020","SE","EWS-502","EWS-502","Bone","Bone",NA,NA,"Ewing sarcoma",NA,"CVCL_S740","ACH-000279","Cancer cell line","Sex unspecified","Age unspecified",NA,NA,NA,1,NA,NA,NA,NA,TRUE,NA,NA,NA,NA,NA,NA,NA,NA,NA,NA,NA,NA,NA,NA,NA,NA,"'EWS/502','EWS502'","C4817","'EWS/502','EWS502'","CVCL_S740","Ewing sarcoma","C4817","Cancer cell line","ACH-000279","Sex unspecified","Age unspecified",NA,NA,NA,NA,NA,NA,NA,NA,NA,NA,NA,NA,NA,NA,NA,NA,NA,NA,NA,NA,NA,NA,NA,NA,NA,NA,NA,NA,NA,NA,NA,NA,NA,NA,NA,NA,NA,NA,NA,NA,NA,NA,NA,NA,NA,NA,NA,NA,NA,NA,NA,"EWS502_BONE","bone","ACH-000279","bone","Ewing_sarcoma",NA,"TRUE"
"PRISM_2020","SE","G-292 clone A141B1","G-292 clone A141B1","Bone","Bone",NA,NA,"Osteosarcoma",NA,"CVCL_2909","ACH-000082","Cancer cell line","Female","9Y",NA,NA,NA,1,NA,NA,NA,NA,TRUE,NA,NA,NA,NA,NA,NA,NA,NA,NA,NA,NA,NA,NA,NA,NA,NA,"'G 292 Clone A 141B1','G-292, clone A141B1','G292CLONEA141B1','G-292','G292'","C9145","'G 292 Clone A 141B1','G-292, clone A141B1','G292CLONEA141B1','G-292','G292'","CVCL_2909","Osteosarcoma","C9145","Cancer cell line","ACH-000082","Female","9Y",NA,NA,NA,NA,NA,NA,NA,NA,NA,NA,NA,NA,NA,NA,NA,NA,NA,NA,NA,NA,NA,NA,NA,NA,NA,NA,NA,NA,NA,NA,NA,NA,NA,NA,NA,NA,NA,NA,NA,NA,NA,NA,NA,NA,NA,NA,NA,NA,NA,NA,NA,"G292CLONEA141B1_BONE","bone","ACH-000082","bone","osteosarcoma",NA,"TRUE"
"PRISM_2020","SE","GCT","GCT","Soft Tissue","Soft Tissue",NA,NA,"Undifferentiated pleomorphic sarcoma",NA,"CVCL_1229","ACH-000835","Cancer cell line","Male","29Y"," Pleural effusion ",NA,NA,1,NA,NA,NA,NA,TRUE,NA,NA,NA,NA,NA,NA,NA,NA,NA,NA,NA,NA,NA,NA,NA,NA,"'Giant Cell Tumor'","C4247","'Giant Cell Tumor'","CVCL_1229","Undifferentiated pleomorphic sarcoma","C4247","Cancer cell line","ACH-000835","Male","29Y"," Pleural effusion ",NA,NA,NA,NA,NA,NA,NA,NA,NA,NA,NA,NA,NA,NA,NA,NA,NA,NA,NA,NA,NA,NA,NA,NA,NA,NA,NA,NA,NA,NA,NA,NA,NA,NA,NA,NA,NA,NA,NA,NA,NA,NA,NA,NA,NA,NA,NA,NA,NA,NA,"GCT_SOFT_TISSUE","soft_tissue","ACH-000835","soft_tissue","pleomorphic_sarcoma",NA,"TRUE"
"PRISM_2020","SE","HOS","HOS","Bone","Bone",NA,NA,"Osteosarcoma",NA,"CVCL_0312","ACH-000613","Cancer cell line","Female","13Y",NA,NA,NA,1,NA,NA,NA,NA,TRUE,NA,NA,NA,NA,NA,NA,NA,NA,NA,NA,NA,NA,NA,NA,NA,NA,NA,"C9145",NA,"CVCL_0312","Osteosarcoma","C9145","Cancer cell line","ACH-000613","Female","13Y",NA,NA,NA,NA,NA,NA,NA,NA,NA,NA,NA,NA,NA,NA,NA,NA,NA,NA,NA,NA,NA,NA,NA,NA,NA,NA,NA,NA,NA,NA,NA,NA,NA,NA,NA,NA,NA,NA,NA,NA,NA,NA,NA,NA,NA,NA,NA,NA,NA,NA,NA,"HOS_BONE","bone","ACH-000613","bone","osteosarcoma",NA,"TRUE"
"PRISM_2020","SE","Hs 729.T","Hs 729.T","Soft Tissue","Soft Tissue",NA,NA,"Embryonal rhabdomyosarcoma",NA,"CVCL_0871","ACH-000133","Cancer cell line","Male","74Y",NA,NA,NA,1,NA,NA,NA,NA,TRUE,NA,NA,NA,NA,NA,NA,NA,NA,NA,NA,NA,NA,NA,NA,NA,NA,"'Hs 729','HS-729','Hs729','HS729','Hs-729-T','Hs 729T','Hs729T','HS729T'","C8971","'Hs 729','HS-729','Hs729','HS729','Hs-729-T','Hs 729T','Hs729T','HS729T'","CVCL_0871","Embryonal rhabdomyosarcoma","C8971","Cancer cell line","ACH-000133","Male","74Y",NA,NA,NA,NA,NA,NA,NA,NA,NA,NA,NA,NA,NA,NA,NA,NA,NA,NA,NA,NA,NA,NA,NA,NA,NA,NA,NA,NA,NA,NA,NA,NA,NA,NA,NA,NA,NA,NA,NA,NA,NA,NA,NA,NA,NA,NA,NA,NA,NA,NA,NA,"HS729_SOFT_TISSUE","fibroblast","ACH-000133","fibroblast",NA,NA,"TRUE"
"PRISM_2020","SE","HT-1080","HT-1080","Soft Tissue","Soft Tissue",NA,NA,"Fibrosarcoma",NA,"CVCL_0317","ACH-000054","Cancer cell line","Male","35Y",NA,NA,NA,1,NA,NA,NA,NA,TRUE,NA,NA,NA,NA,NA,NA,NA,NA,NA,NA,NA,NA,NA,NA,NA,NA,"'Ht-1080','HT 1080','HT1080','HT 1080.T'","C3043","'Ht-1080','HT 1080','HT1080','HT 1080.T'","CVCL_0317","Fibrosarcoma","C3043","Cancer cell line","ACH-000054","Male","35Y",NA,NA,NA,NA,NA,NA,NA,NA,NA,NA,NA,NA,NA,NA,NA,NA,NA,NA,NA,NA,NA,NA,NA,NA,NA,NA,NA,NA,NA,NA,NA,NA,NA,NA,NA,NA,NA,NA,NA,NA,NA,NA,NA,NA,NA,NA,NA,NA,NA,NA,NA,"HT1080_SOFT_TISSUE","soft_tissue","ACH-000054","soft_tissue","fibrosarcoma",NA,"TRUE"
"PRISM_2020","SE","MES-SA","MES-SA","Uterus","Soft Tissue",NA,NA,"Uterine corpus sarcoma",NA,"CVCL_1404","ACH-000449","Cancer cell line","Female","56Y",NA,NA,NA,1,NA,NA,NA,NA,TRUE,NA,NA,NA,NA,NA,NA,NA,NA,NA,NA,NA,NA,NA,NA,NA,NA,"'MESSA'","C6339","'MESSA'","CVCL_1404","Uterine corpus sarcoma","C6339","Cancer cell line","ACH-000449","Female","56Y",NA,NA,NA,NA,NA,NA,NA,NA,NA,NA,NA,NA,NA,NA,NA,NA,NA,NA,NA,NA,NA,NA,NA,NA,NA,NA,NA,NA,NA,NA,NA,NA,NA,NA,NA,NA,NA,NA,NA,NA,NA,NA,NA,NA,NA,NA,NA,NA,NA,NA,NA,"MESSA_SOFT_TISSUE","uterus","ACH-000449","uterus","uterine_sarcoma",NA,"TRUE"
"PRISM_2020","SE","MG-63","MG-63","Bone","Bone",NA,NA,"Osteosarcoma",NA,"CVCL_0426","ACH-000359","Cancer cell line","Male","14Y"," Bone; left femur ",NA,NA,1,NA,NA,NA,NA,TRUE,NA,NA,NA,NA,NA,NA,NA,NA,NA,NA,NA,NA,NA,NA,NA,NA,"'M-G63','MG63'","C9145","'M-G63','MG63'","CVCL_0426","Osteosarcoma","C9145","Cancer cell line","ACH-000359","Male","14Y"," Bone; left femur ",NA,NA,NA,NA,NA,NA,NA,NA,NA,NA,NA,NA,NA,NA,NA,NA,NA,NA,NA,NA,NA,NA,NA,NA,NA,NA,NA,NA,NA,NA,NA,NA,NA,NA,NA,NA,NA,NA,NA,NA,NA,NA,NA,NA,NA,NA,NA,NA,NA,NA,"MG63_BONE","bone","ACH-000359","bone","osteosarcoma",NA,"TRUE"
"PRISM_2020","SE","MHH-ES-1","MHH-ES-1","Bone","Bone",NA,NA,"Ewing sarcoma",NA,"CVCL_1411","ACH-000391","Cancer cell line","Male","12Y"," Ascites ",NA,NA,1,NA,NA,NA,NA,TRUE,NA,NA,NA,NA,NA,NA,NA,NA,NA,NA,NA,NA,NA,NA,NA,NA,"'MHH-ES1','MHHES1'","C4817","'MHH-ES1','MHHES1'","CVCL_1411","Ewing sarcoma","C4817","Cancer cell line","ACH-000391","Male","12Y"," Ascites ",NA,NA,NA,NA,NA,NA,NA,NA,NA,NA,NA,NA,NA,NA,NA,NA,NA,NA,NA,NA,NA,NA,NA,NA,NA,NA,NA,NA,NA,NA,NA,NA,NA,NA,NA,NA,NA,NA,NA,NA,NA,NA,NA,NA,NA,NA,NA,NA,NA,NA,"MHHES1_BONE","bone","ACH-000391","bone","Ewing_sarcoma",NA,"TRUE"
"PRISM_2020","SE","RD","RD","Soft Tissue","Soft Tissue",NA,NA,"Embryonal rhabdomyosarcoma",NA,"CVCL_1649","ACH-000169","Cancer cell line","Female","7Y",NA,NA,NA,1,NA,NA,NA,NA,TRUE,NA,NA,NA,NA,NA,NA,NA,NA,NA,NA,NA,NA,NA,NA,NA,NA,"'R D','RD-2','RD 2','130T','130-T','130 T','TE-32','TE 32','TE32','TE 32.T','Te 32.T'","C8971","'R D','RD-2','RD 2','130T','130-T','130 T','TE-32','TE 32','TE32','TE 32.T','Te 32.T'","CVCL_1649","Embryonal rhabdomyosarcoma","C8971","Cancer cell line","ACH-000169","Female","7Y",NA,NA,NA,NA,NA,NA,NA,NA,NA,NA,NA,NA,NA,NA,NA,NA,NA,NA,NA,NA,NA,NA,NA,NA,NA,NA,NA,NA,NA,NA,NA,NA,NA,NA,NA,NA,NA,NA,NA,NA,NA,NA,NA,NA,NA,NA,NA,NA,NA,NA,NA,"RD_SOFT_TISSUE","rhabdomyosarcoma","ACH-000169","rhabdomyosarcoma",NA,NA,"TRUE"
"PRISM_2020","SE","Rh30","Rh30","Soft Tissue","Soft Tissue",NA,NA,"Alveolar rhabdomyosarcoma",NA,"CVCL_0041","ACH-000833","Cancer cell line","Male","17Y"," Bone marrow ",NA,NA,1,NA,NA,NA,NA,TRUE,NA,NA,NA,NA,NA,NA,NA,NA,NA,NA,NA,NA,NA,NA,NA,NA,"'RH30','RH-30','Rh-30','RH30SJ','SJRH-30','SJRH30','SJ-RH30','SJ-Rh 30','SJRH 30','SJCRH30','RC13','RMS-13, RMS 13','RMS13'","C3749","'RH30','RH-30','Rh-30','RH30SJ','SJRH-30','SJRH30','SJ-RH30','SJ-Rh 30','SJRH 30','SJCRH30','RC13','RMS-13, RMS 13','RMS13'","CVCL_0041","Alveolar rhabdomyosarcoma","C3749","Cancer cell line","ACH-000833","Male","17Y"," Bone marrow ",NA,NA,NA,NA,NA,NA,NA,NA,NA,NA,NA,NA,NA,NA,NA,NA,NA,NA,NA,NA,NA,NA,NA,NA,NA,NA,NA,NA,NA,NA,NA,NA,NA,NA,NA,NA,NA,NA,NA,NA,NA,NA,NA,NA,NA,NA,NA,NA,NA,NA,"RH30_SOFT_TISSUE","rhabdomyosarcoma","ACH-000833","rhabdomyosarcoma",NA,NA,"TRUE"
"PRISM_2020","SE","RKN","RKN","Soft Tissue","Soft Tissue",NA,NA,"Ovarian leiomyosarcoma",NA,"CVCL_3156","ACH-000505","Cancer cell line","Female","45Y",NA,NA,NA,1,NA,NA,NA,NA,TRUE,NA,NA,NA,NA,NA,NA,NA,NA,NA,NA,NA,NA,NA,NA,NA,NA,NA,"C5234",NA,"CVCL_3156","Ovarian leiomyosarcoma","C5234","Cancer cell line","ACH-000505","Female","45Y",NA,NA,NA,NA,NA,NA,NA,NA,NA,NA,NA,NA,NA,NA,NA,NA,NA,NA,NA,NA,NA,NA,NA,NA,NA,NA,NA,NA,NA,NA,NA,NA,NA,NA,NA,NA,NA,NA,NA,NA,NA,NA,NA,NA,NA,NA,NA,NA,NA,NA,NA,"RKN_SOFT_TISSUE","soft_tissue","ACH-000505","soft_tissue","leiomyosarcoma",NA,"TRUE"
"PRISM_2020","SE","SJSA-1","SJSA-1","Bone","Bone",NA,NA,"Osteosarcoma",NA,"CVCL_1697","ACH-000748","Cancer cell line","Male","19Y",NA,NA,NA,1,NA,NA,NA,NA,TRUE,NA,NA,NA,NA,NA,NA,NA,NA,NA,NA,NA,NA,NA,NA,NA,NA,"'SJSA1','SJSA','OsA-CL','OSA-CL','OsACL','OSACL','Os-A','OSA','OsA'","C9145","'SJSA1','SJSA','OsA-CL','OSA-CL','OsACL','OSACL','Os-A','OSA','OsA'","CVCL_1697","Osteosarcoma","C9145","Cancer cell line","ACH-000748","Male","19Y",NA,NA,NA,NA,NA,NA,NA,NA,NA,NA,NA,NA,NA,NA,NA,NA,NA,NA,NA,NA,NA,NA,NA,NA,NA,NA,NA,NA,NA,NA,NA,NA,NA,NA,NA,NA,NA,NA,NA,NA,NA,NA,NA,NA,NA,NA,NA,NA,NA,NA,NA,"SJSA1_BONE","bone","ACH-000748","bone","osteosarcoma",NA,"TRUE"
"PRISM_2020","SE","SK-ES-1","SK-ES-1","Bone","Bone",NA,NA,"Ewing sarcoma",NA,"CVCL_0627","ACH-000087","Cancer cell line","Male","18Y",NA,NA,NA,1,NA,NA,NA,NA,TRUE,NA,NA,NA,NA,NA,NA,NA,NA,NA,NA,NA,NA,NA,NA,NA,NA,"'Sk-Es-1','Sk-ES-1','SK ES 01','SK-ES1','SKES-1','SKES1','SK-ES'","C4817","'Sk-Es-1','Sk-ES-1','SK ES 01','SK-ES1','SKES-1','SKES1','SK-ES'","CVCL_0627","Ewing sarcoma","C4817","Cancer cell line","ACH-000087","Male","18Y",NA,NA,NA,NA,NA,NA,NA,NA,NA,NA,NA,NA,NA,NA,NA,NA,NA,NA,NA,NA,NA,NA,NA,NA,NA,NA,NA,NA,NA,NA,NA,NA,NA,NA,NA,NA,NA,NA,NA,NA,NA,NA,NA,NA,NA,NA,NA,NA,NA,NA,NA,"SKES1_BONE","bone","ACH-000087","bone","Ewing_sarcoma",NA,"TRUE"
"PRISM_2020","SE","SK-UT-1","SK-UT-1","Uterus","Soft Tissue",NA,NA,"Uterine corpus leiomyosarcoma",NA,"CVCL_0533","ACH-000939","Cancer cell line","Female","75Y",NA,NA,NA,1,NA,NA,NA,NA,TRUE,NA,NA,NA,NA,NA,NA,NA,NA,NA,NA,NA,NA,NA,NA,NA,NA,"'SK UT 1','SKUT-1','SKUT1','Skut1'","C6340","'SK UT 1','SKUT-1','SKUT1','Skut1'","CVCL_0533","Uterine corpus leiomyosarcoma","C6340","Cancer cell line","ACH-000939","Female","75Y",NA,NA,NA,NA,NA,NA,NA,NA,NA,NA,NA,NA,NA,NA,NA,NA,NA,NA,NA,NA,NA,NA,NA,NA,NA,NA,NA,NA,NA,NA,NA,NA,NA,NA,NA,NA,NA,NA,NA,NA,NA,NA,NA,NA,NA,NA,NA,NA,NA,NA,NA,"SKUT1_SOFT_TISSUE","soft_tissue","ACH-000939","soft_tissue","leiomyosarcoma",NA,"TRUE"
"PRISM_2020","SE","SW1353","SW1353","Bone","Bone",NA,NA,"Primary central chondrosarcoma",NA,"CVCL_0543","ACH-000418","Cancer cell line","Female","72Y",NA,NA,NA,1,NA,NA,NA,NA,TRUE,NA,NA,NA,NA,NA,NA,NA,NA,NA,NA,NA,NA,NA,NA,NA,NA,"'SW-1353','SW 1353'","C7155","'SW-1353','SW 1353'","CVCL_0543","Primary central chondrosarcoma","C7155","Cancer cell line","ACH-000418","Female","72Y",NA,NA,NA,NA,NA,NA,NA,NA,NA,NA,NA,NA,NA,NA,NA,NA,NA,NA,NA,NA,NA,NA,NA,NA,NA,NA,NA,NA,NA,NA,NA,NA,NA,NA,NA,NA,NA,NA,NA,NA,NA,NA,NA,NA,NA,NA,NA,NA,NA,NA,NA,"SW1353_BONE","bone","ACH-000418","bone","chondrosarcoma",NA,"TRUE"
"PRISM_2020","SE","U2OS","U2OS","Bone","Bone",NA,NA,"Osteosarcoma",NA,"CVCL_0042","ACH-000364","Cancer cell line","Female","15Y",NA,NA,NA,1,NA,NA,NA,NA,TRUE,NA,NA,NA,NA,NA,NA,NA,NA,NA,NA,NA,NA,NA,NA,NA,NA,"'U-2 OS','U-2OS','U-2-OS','U2-OS','U20-S','U20S','2T'","C9145","'U-2 OS','U-2OS','U-2-OS','U2-OS','U20-S','U20S','2T'","CVCL_0042","Osteosarcoma","C9145","Cancer cell line","ACH-000364","Female","15Y",NA,NA,NA,NA,NA,NA,NA,NA,NA,NA,NA,NA,NA,NA,NA,NA,NA,NA,NA,NA,NA,NA,NA,NA,NA,NA,NA,NA,NA,NA,NA,NA,NA,NA,NA,NA,NA,NA,NA,NA,NA,NA,NA,NA,NA,NA,NA,NA,NA,NA,NA,"U2OS_BONE","bone","ACH-000364","bone","osteosarcoma",NA,"TRUE"
